"abstract","annotation_id","annotator","bibkey","created_at","human_label","id","label","lead_time","llm_classif_label","llm_justification","title","updated_at","year"
"Adversarial attacks are label-preserving modifications to inputs of machine learning classifiers designed to fool machines but not humans. Natural Language Processing (NLP) has mostly focused on high-level attack scenarios such as paraphrasing input texts. We argue that these are less realistic in typical application scenarios such as in social media, and instead focus on low-level attacks on the character-level. Guided by human cognitive abilities and human robustness, we propose the first large-scale catalogue and benchmark of low-level adversarial attacks, which we dub Zéroe, encompassing nine different attack modes including visual and phonetic adversaries. We show that RoBERTa, NLP’s current workhorse, fails on our attacks. Our dataset provides a benchmark for testing robustness of future more human-like NLP models.",1,"1","eger-benz-2020-hero","2026-03-09T18:50:50.772524Z","POSITIVE","2020.aacl-main.79",1,240.032,"NEGATIVE","","From Hero to Zéroe: A Benchmark of Low-Level Adversarial Attacks","2026-03-09T18:50:50.772539Z",2020
"In recent years, a series of Transformer-based models unlocked major improvements in general natural language understanding (NLU) tasks. Such a fast pace of research would not be possible without general NLU benchmarks, which allow for a fair comparison of the proposed methods. However, such benchmarks are available only for a handful of languages. To alleviate this issue, we introduce a comprehensive multi-task benchmark for the Polish language understanding, accompanied by an online leaderboard. It consists of a diverse set of tasks, adopted from existing datasets for named entity recognition, question-answering, textual entailment, and others. We also introduce a new sentiment analysis task for the e-commerce domain, named Allegro Reviews (AR). To ensure a common evaluation scheme and promote models that generalize to different NLU tasks, the benchmark includes datasets from varying domains and applications. Additionally, we release HerBERT, a Transformer-based model trained specifically for the Polish language, which has the best average performance and obtains the best results for three out of nine tasks. Finally, we provide an extensive evaluation, including several standard baselines and recently proposed, multilingual Transformer-based models.",2,"1","rybak-etal-2020-klej","2026-03-09T18:51:39.122155Z","POSITIVE","2020.acl-main.111",1,47.944,"UNSURE","Multi-task Polish NLU benchmark including classification (sentiment, entailment) and non-classification tasks (NER, QA)","KLEJ: Comprehensive Benchmark for Polish Language Understanding","2026-03-09T18:51:39.122170Z",2020
"Representation learning is a critical ingredient for natural language processing systems. Recent Transformer language models like BERT learn powerful textual representations, but these models are targeted towards token- and sentence-level training objectives and do not leverage information on inter-document relatedness, which limits their document-level representation power. For applications on scientific documents, such as classification and recommendation, accurate embeddings of documents are a necessity. We propose SPECTER, a new method to generate document-level embedding of scientific papers based on pretraining a Transformer language model on a powerful signal of document-level relatedness: the citation graph. Unlike existing pretrained language models, Specter can be easily applied to downstream applications without task-specific fine-tuning. Additionally, to encourage further research on document-level models, we introduce SciDocs, a new evaluation benchmark consisting of seven document-level tasks ranging from citation prediction, to document classification and recommendation. We show that Specter outperforms a variety of competitive baselines on the benchmark.",3,"1","cohan-etal-2020-specter","2026-03-09T18:52:25.045319Z","POSITIVE","2020.acl-main.207",1,45.573,"UNSURE","Introduces SciDocs benchmark with document classification among 7 tasks including citation prediction and recommendation","SPECTER: Document-level Representation Learning using Citation-informed Transformers","2026-03-09T18:52:25.045339Z",2020
"Open Information Extraction systems extract (“subject text”, “relation text”, “object text”) triples from raw text. Some triples are textual versions of facts, i.e., non-canonicalized mentions of entities and relations. In this paper, we investigate whether it is possible to infer new facts directly from the open knowledge graph without any canonicalization or any supervision from curated knowledge. For this purpose, we propose the open link prediction task,i.e., predicting test facts by completing (“subject text”, “relation text”, ?) questions. An evaluation in such a setup raises the question if a correct prediction is actually a new fact that was induced by reasoning over the open knowledge graph or if it can be trivially explained. For example, facts can appear in different paraphrased textual variants, which can lead to test leakage. To this end, we propose an evaluation protocol and a methodology for creating the open link prediction benchmark OlpBench. We performed experiments with a prototypical knowledge graph embedding model for openlink prediction. While the task is very challenging, our results suggests that it is possible to predict genuinely new facts, which can not be trivially explained.",4,"1","broscheit-etal-2020-predict","2026-03-09T18:53:32.427312Z","UNSURE","2020.acl-main.209",1,66.989,"NEGATIVE","","Can We Predict New Facts with Open Knowledge Graph Embeddings? A Benchmark for Open Link Prediction","2026-03-09T18:53:32.427328Z",2020
"We introduce a new large-scale NLI benchmark dataset, collected via an iterative, adversarial human-and-model-in-the-loop procedure. We show that training models on this new dataset leads to state-of-the-art performance on a variety of popular NLI benchmarks, while posing a more difficult challenge with its new test set. Our analysis sheds light on the shortcomings of current state-of-the-art models, and shows that non-expert annotators are successful at finding their weaknesses. The data collection method can be applied in a never-ending learning scenario, becoming a moving target for NLU, rather than a static benchmark that will quickly saturate.",5,"1","nie-etal-2020-adversarial","2026-03-09T18:54:27.581769Z","POSITIVE","2020.acl-main.441",1,54.784,"POSITIVE","","Adversarial NLI: A New Benchmark for Natural Language Understanding","2026-03-09T18:54:27.581785Z",2020
"Visual referring expression recognition is a challenging task that requires natural language understanding in the context of an image. We critically examine RefCOCOg, a standard benchmark for this task, using a human study and show that 83.7% of test instances do not require reasoning on linguistic structure, i.e., words are enough to identify the target object, the word order doesn’t matter. To measure the true progress of existing models, we split the test set into two sets, one which requires reasoning on linguistic structure and the other which doesn’t. Additionally, we create an out-of-distribution dataset Ref-Adv by asking crowdworkers to perturb in-domain examples such that the target object changes. Using these datasets, we empirically show that existing methods fail to exploit linguistic structure and are 12% to 23% lower in performance than the established progress for this task. We also propose two methods, one based on contrastive learning and the other based on multi-task learning, to increase the robustness of ViLBERT, the current state-of-the-art model for this task. Our datasets are publicly available at https://github.com/aws/aws-refcocog-adv.",6,"1","akula-etal-2020-words","2026-03-09T18:55:21.762811Z","NEGATIVE","2020.acl-main.586",1,53.813,"NEGATIVE","","Words Aren’t Enough, Their Order Matters: On the Robustness of Grounding Visual Referring Expressions","2026-03-09T18:55:21.762825Z",2020
"Visual Dialogue involves “understanding” the dialogue history (what has been discussed previously) and the current question (what is asked), in addition to grounding information in the image, to accurately generate the correct response. In this paper, we show that co-attention models which explicitly encode dialoh history outperform models that don’t, achieving state-of-the-art performance (72 % NDCG on val set). However, we also expose shortcomings of the crowdsourcing dataset collection procedure, by showing that dialogue history is indeed only required for a small amount of the data, and that the current evaluation metric encourages generic replies. To that end, we propose a challenging subset (VisdialConv) of the VisdialVal set and the benchmark NDCG of 63%.",7,"1","agarwal-etal-2020-history","2026-03-09T18:55:59.027918Z","NEGATIVE","2020.acl-main.728",1,36.839,"NEGATIVE","","History for Visual Dialog: Do we really need it?","2026-03-09T18:55:59.027932Z",2020
"We introduce Multi-SimLex, a large-scale lexical resource and evaluation benchmark covering data sets for 12 typologically diverse languages, including major languages (e.g., Mandarin Chinese, Spanish, Russian) as well as less-resourced ones (e.g., Welsh, Kiswahili). Each language data set is annotated for the lexical relation of semantic similarity and contains 1,888 semantically aligned concept pairs, providing a representative coverage of word classes (nouns, verbs, adjectives, adverbs), frequency ranks, similarity intervals, lexical fields, and concreteness levels. Additionally, owing to the alignment of concepts across languages, we provide a suite of 66 crosslingual semantic similarity data sets. Because of its extensive size and language coverage, Multi-SimLex provides entirely novel opportunities for experimental evaluation and analysis. On its monolingual and crosslingual benchmarks, we evaluate and analyze a wide array of recent state-of-the-art monolingual and crosslingual representation models, including static and contextualized word embeddings (such as fastText, monolingual and multilingual BERT, XLM), externally informed lexical representations, as well as fully unsupervised and (weakly) supervised crosslingual word embeddings. We also present a step-by-step data set creation protocol for creating consistent, Multi-Simlex–style resources for additional languages. We make these contributions—the public release of Multi-SimLex data sets, their creation protocol, strong baseline results, and in-depth analyses which can be helpful in guiding future developments in multilingual lexical semantics and representation learning—available via a Web site that will encourage community effort in further expansion of Multi-Simlex to many more languages. Such a large-scale semantic resource could inspire significant further advances in NLP across languages.",8,"1","vulic-etal-2020-multi","2026-03-09T18:58:01.001693Z","NEGATIVE","2020.cl-4.5",1,121.546,"NEGATIVE","","Multi-SimLex: A Large-Scale Evaluation of Multilingual and Crosslingual Lexical Semantic Similarity","2026-03-09T18:58:01.001715Z",2020
"Keyphrase extraction is the task of extracting a small set of phrases that best describe a document. Most existing benchmark datasets for the task typically have limited numbers of annotated documents, making it challenging to train increasingly complex neural networks. In contrast, digital libraries store millions of scientific articles online, covering a wide range of topics. While a significant portion of these articles contain keyphrases provided by their authors, most other articles lack such kind of annotations. Therefore, to effectively utilize these large amounts of unlabeled articles, we propose a simple and efficient joint learning approach based on the idea of self-distillation. Experimental results show that our approach consistently improves the performance of baseline models for keyphrase extraction. Furthermore, our best models outperform previous methods for the task, achieving new state-of-the-art results on two public benchmarks: Inspec and SemEval-2017.",9,"1","lai-etal-2020-joint","2026-03-09T18:58:38.421208Z","NEGATIVE","2020.coling-main.56",0,37.092,"NEGATIVE","","A Joint Learning Approach based on Self-Distillation for Keyphrase Extraction from Scientific Documents","2026-03-09T18:58:38.421234Z",2020
"In this paper, we present Chinese lexical fusion recognition, a new task which could be regarded as one kind of coreference recognition. First, we introduce the task in detail, showing the relationship with coreference recognition and differences from the existing tasks. Second, we propose an end-to-end model for the task, handling mentions as well as coreference relationship jointly. The model exploits the state-of-the-art contextualized BERT representations as an encoder, and is further enhanced with the sememe knowledge from HowNet by graph attention networks. We manually annotate a benchmark dataset for the task and then conduct experiments on it. Results demonstrate that our final model is effective and competitive for the task. Detailed analysis is offered for comprehensively understanding the new task and our proposed model.",10,"1","liu-etal-2020-end","2026-03-09T18:59:17.291347Z","NEGATIVE","2020.coling-main.263",1,38.418,"NEGATIVE","","End to End Chinese Lexical Fusion Recognition with Sememe Knowledge","2026-03-09T18:59:17.291362Z",2020
"Image text carries essential information to understand the scene and perform reasoning. Text-based visual question answering (text VQA) task focuses on visual questions that require reading text in images. Existing text VQA systems generate an answer by selecting from optical character recognition (OCR) texts or a fixed vocabulary. Positional information of text is underused and there is a lack of evidence for the generated answer. As such, this paper proposes a localization-aware answer prediction network (LaAP-Net) to address this challenge. Our LaAP-Net not only generates the answer to the question but also predicts a bounding box as evidence of the generated answer. Moreover, a context-enriched OCR representation (COR) for multimodal fusion is proposed to facilitate the localization task. Our proposed LaAP-Net outperforms existing approaches on three benchmark datasets for the text VQA task by a noticeable margin.",11,"1","han-etal-2020-finding","2026-03-09T18:59:43.893622Z","NEGATIVE","2020.coling-main.278",0,26.221,"NEGATIVE","","Finding the Evidence: Localization-aware Answer Prediction for Text Visual Question Answering","2026-03-09T18:59:43.893637Z",2020
"The advent of natural language understanding (NLU) benchmarks for English, such as GLUE and SuperGLUE allows new NLU models to be evaluated across a diverse set of tasks. These comprehensive benchmarks have facilitated a broad range of research and applications in natural language processing (NLP). The problem, however, is that most such benchmarks are limited to English, which has made it difficult to replicate many of the successes in English NLU for other languages. To help remedy this issue, we introduce the first large-scale Chinese Language Understanding Evaluation (CLUE) benchmark. CLUE is an open-ended, community-driven project that brings together 9 tasks spanning several well-established single-sentence/sentence-pair classification tasks, as well as machine reading comprehension, all on original Chinese text. To establish results on these tasks, we report scores using an exhaustive set of current state-of-the-art pre-trained Chinese models (9 in total). We also introduce a number of supplementary datasets and additional tools to help facilitate further progress on Chinese NLU. Our benchmark is released at https://www.cluebenchmarks.com",12,"1","xu-etal-2020-clue","2026-03-09T19:00:01.654869Z","POSITIVE","2020.coling-main.419",1,17.392,"UNSURE","Chinese GLUE-style multi-task NLU benchmark with diverse tasks including classification and non-classification","CLUE: A Chinese Language Understanding Evaluation Benchmark","2026-03-09T19:00:01.654887Z",2020
"We introduce ManyEnt, a benchmark for entity typing models in few-shot scenarios. ManyEnt offers a rich typeset, with a fine-grain variant featuring 256 entity types and a coarse-grain one with 53 entity types. Both versions have been derived from the Wikidata knowledge graph in a semi-automatic fashion. We also report results for two baselines using BERT, reaching up to 70.68% accuracy (10-way 1-shot).",13,"1","eberts-etal-2020-manyent","2026-03-09T19:00:33.122015Z","POSITIVE","2020.coling-main.486",1,31.076,"POSITIVE","","ManyEnt: A Dataset for Few-shot Entity Typing","2026-03-09T19:00:33.122031Z",2020
"Low-resource Machine Translation recently gained a lot of popularity, and for certain languages, it has made great strides. However, it is still difficult to track progress in other languages for which there is no publicly available evaluation data. In this paper, we introduce benchmark datasets for Arabic and its dialects. We describe our design process and motivations and analyze the datasets to understand their resulting properties. Numerous successful attempts use large monolingual corpora to augment low-resource pairs. We try to approach augmentation differently and investigate whether it is possible to improve MT models without any external sources of data. We accomplish this by bootstrapping existing parallel sentences and complement this with multilingual training to achieve strong baselines.",14,"1","abid-2020-sadid","2026-03-09T19:01:02.679614Z","NEGATIVE","2020.coling-main.530",1,29.162,"NEGATIVE","","The SADID Evaluation Datasets for Low-Resource Spoken Language Machine Translation of Arabic Dialects","2026-03-09T19:01:02.679629Z",2020
"We introduce a new set of benchmark datasets derived from ACLED data for fine-grained event classification and compare the performance of various state-of-the-art models on these datasets, including SVM based on TF-IDF character n-grams and neural context-free embeddings (GLOVE and FASTTEXT) as well as deep learning-based BERT with its contextual embeddings. The best results in terms of micro (94.3-94.9%) and macro F1 (86.0-88.9%) were obtained using BERT transformer, with simpler TF-IDF character n-gram based SVM being an interesting alternative. Further, we discuss the pros and cons of the considered benchmark models in terms of their robustness and the dependence of the classification performance on the size of training data.",15,"1","piskorski-etal-2020-new","2026-03-09T19:01:32.778400Z","POSITIVE","2020.coling-main.584",1,29.681,"POSITIVE","","New Benchmark Corpus and Models for Fine-grained Event Classification: To BERT or not to BERT?","2026-03-09T19:01:32.778420Z",2020
"To communicate with new partners in new contexts, humans rapidly form new linguistic conventions. Recent neural language models are able to comprehend and produce the existing conventions present in their training data, but are not able to flexibly and interactively adapt those conventions on the fly as humans do. We introduce an interactive repeated reference task as a benchmark for models of adaptation in communication and propose a regularized continual learning framework that allows an artificial agent initialized with a generic language model to more accurately and efficiently communicate with a partner over time. We evaluate this framework through simulations on COCO and in real-time reference game experiments with human partners.",16,"1","hawkins-etal-2020-continual","2026-03-09T19:02:21.936662Z","NEGATIVE","2020.conll-1.33",1,48.753,"NEGATIVE","","Continual Adaptation for Efficient Machine Communication","2026-03-09T19:02:21.936686Z",2020
"In this paper, we introduce XGLUE, a new benchmark dataset to train large-scale cross-lingual pre-trained models using multilingual and bilingual corpora, and evaluate their performance across a diverse set of cross-lingual tasks. Comparing to GLUE (Wang et al.,2019), which is labeled in English and includes natural language understanding tasks only, XGLUE has three main advantages: (1) it provides two corpora with different sizes for cross-lingual pre-training; (2) it provides 11 diversified tasks that cover both natural language understanding and generation scenarios; (3) for each task, it provides labeled data in multiple languages. We extend a recent cross-lingual pre-trained model Unicoder (Huang et al., 2019) to cover both understanding and generation tasks, which is evaluated on XGLUE as a strong baseline. We also evaluate the base versions (12-layer) of Multilingual BERT, XLM and XLM-R for comparison.",17,"1","liang-etal-2020-xglue","2026-03-09T19:02:58.330358Z","POSITIVE","2020.emnlp-main.484",1,36.033,"UNSURE","Cross-lingual benchmark combining NLU classification tasks and NLG tasks","XGLUE: A New Benchmark Dataset for Cross-lingual Pre-training, Understanding and Generation","2026-03-09T19:02:58.330373Z",2020
"Posing reading comprehension as a generation problem provides a great deal of flexibility, allowing for open-ended questions with few restrictions on possible answers. However, progress is impeded by existing generation metrics, which rely on token overlap and are agnostic to the nuances of reading comprehension. To address this, we introduce a benchmark for training and evaluating generative reading comprehension metrics: MOdeling Correctness with Human Annotations. MOCHA contains 40K human judgement scores on model outputs from 6 diverse question answering datasets and an additional set of minimal pairs for evaluation. Using MOCHA, we train a Learned Evaluation metric for Reading Comprehension, LERC, to mimic human judgement scores. LERC outperforms baseline metrics by 10 to 36 absolute Pearson points on held-out annotations. When we evaluate robustness on minimal pairs, LERC achieves 80% accuracy, outperforming baselines by 14 to 26 absolute percentage points while leaving significant room for improvement. MOCHA presents a challenging problem for developing accurate and robust generative reading comprehension metrics.",18,"1","chen-etal-2020-mocha","2026-03-09T19:04:02.013739Z","NEGATIVE","2020.emnlp-main.528",1,63.286,"NEGATIVE","","MOCHA: A Dataset for Training and Evaluating Generative Reading Comprehension Metrics","2026-03-09T19:04:02.013758Z",2020
"Automatically evaluating dialogue coherence is a challenging but high-demand ability for developing high-quality open-domain dialogue systems. However, current evaluation metrics consider only surface features or utterance-level semantics, without explicitly considering the fine-grained topic transition dynamics of dialogue flows. Here, we first consider that the graph structure constituted with topics in a dialogue can accurately depict the underlying communication logic, which is a more natural way to produce persuasive metrics. Capitalized on the topic-level dialogue graph, we propose a new evaluation metric GRADE, which stands for Graph-enhanced Representations for Automatic Dialogue Evaluation. Specifically, GRADE incorporates both coarse-grained utterance-level contextualized representations and fine-grained topic-level graph representations to evaluate dialogue coherence. The graph representations are obtained by reasoning over topic-level dialogue graphs enhanced with the evidence from a commonsense graph, including k-hop neighboring representations and hop-attention weights. Experimental results show that our GRADE significantly outperforms other state-of-the-art metrics on measuring diverse dialogue models in terms of the Pearson and Spearman correlations with human judgments. Besides, we release a new large-scale human evaluation benchmark to facilitate future research on automatic metrics.",19,"1","huang-etal-2020-grade","2026-03-09T19:04:36.721673Z","NEGATIVE","2020.emnlp-main.742",1,34.293,"NEGATIVE","","GRADE: Automatic Graph-Enhanced Coherence Metric for Evaluating Open-Domain Dialogue Systems","2026-03-09T19:04:36.721690Z",2020
"A lifelong learning system can adapt to new data without forgetting previously acquired knowledge. In this paper, we introduce the first benchmark for lifelong learning machine translation. For this purpose, we provide training, lifelong and test data sets for two language pairs: English-German and English-French. Additionally, we report the results of our baseline systems, which we make available to the public. The goal of this shared task is to encourage research on the emerging topic of lifelong learning machine translation.",20,"1","barrault-etal-2020-findings-first","2026-03-09T19:06:03.615567Z","NEGATIVE","2020.wmt-1.2",1,86.505,"NEGATIVE","","Findings of the First Shared Task on Lifelong Learning Machine Translation","2026-03-09T19:06:03.615582Z",2020
"The quality of machine translation systems has dramatically improved over the last decade, and as a result, evaluation has become an increasingly challenging problem. This paper describes our contribution to the WMT 2020 Metrics Shared Task, the main benchmark for automatic evaluation of translation. We make several submissions based on BLEURT, a previously published which uses transfer learning. We extend the metric beyond English and evaluate it on 14 language pairs for which fine-tuning data is available, as well as 4 “zero-shot” language pairs, for which we have no labelled examples. Additionally, we focus on English to German and demonstrate how to combine BLEURT’s predictions with those of YiSi and use alternative reference translations to enhance the performance. Empirical results show that the models achieve competitive results on the WMT Metrics 2019 Shared Task, indicating their promise for the 2020 edition.",21,"1","sellam-etal-2020-learning","2026-03-09T19:06:53.502777Z","NEGATIVE","2020.wmt-1.102",1,49.466,"NEGATIVE","","Learning to Evaluate Translation Beyond English: BLEURT Submissions to the WMT Metrics 2020 Shared Task","2026-03-09T19:06:53.502793Z",2020
"We introduce DynaSent (‘Dynamic Sentiment’), a new English-language benchmark task for ternary (positive/negative/neutral) sentiment analysis. DynaSent combines naturally occurring sentences with sentences created using the open-source Dynabench Platform, which facilities human-and-model-in-the-loop dataset creation. DynaSent has a total of 121,634 sentences, each validated by five crowdworkers, and its development and test splits are designed to produce chance performance for even the best models we have been able to develop; when future models solve this task, we will use them to create DynaSent version 2, continuing the dynamic evolution of this benchmark. Here, we report on the dataset creation effort, focusing on the steps we took to increase quality and reduce artifacts. We also present evidence that DynaSent’s Neutral category is more coherent than the comparable category in other benchmarks, and we motivate training models from scratch for each round over successive fine-tuning.",22,"1","potts-etal-2021-dynasent","2026-03-09T19:07:00.974163Z","POSITIVE","2021.acl-long.186",1,7.051,"POSITIVE","","DynaSent: A Dynamic Benchmark for Sentiment Analysis","2026-03-09T19:07:00.974180Z",2021
"Recently, there has been significant progress in studying neural networks to translate text descriptions into SQL queries. Despite achieving good performance on some public benchmarks, existing text-to-SQL models typically rely on the lexical matching between words in natural language (NL) questions and tokens in table schemas, which may render the models vulnerable to attacks that break the schema linking mechanism. In this work, we investigate the robustness of text-to-SQL models to synonym substitution. In particular, we introduce Spider-Syn, a human-curated dataset based on the Spider benchmark for text-to-SQL translation. NL questions in Spider-Syn are modified from Spider, by replacing their schema-related words with manually selected synonyms that reflect real-world question paraphrases. We observe that the accuracy dramatically drops by eliminating such explicit correspondence between NL questions and table schemas, even if the synonyms are not adversarially selected to conduct worst-case attacks. Finally, we present two categories of approaches to improve the model robustness. The first category of approaches utilizes additional synonym annotations for table schemas by modifying the model input, while the second category is based on adversarial training. We demonstrate that both categories of approaches significantly outperform their counterparts without the defense, and the first category of approaches are more effective.",23,"1","gan-etal-2021-towards","2026-03-09T19:07:34.958810Z","NEGATIVE","2021.acl-long.195",1,33.5,"NEGATIVE","","Towards Robustness of Text-to-SQL Models against Synonym Substitution","2026-03-09T19:07:34.958829Z",2021
"Existing slot filling models can only recognize pre-defined in-domain slot types from a limited slot set. In the practical application, a reliable dialogue system should know what it does not know. In this paper, we introduce a new task, Novel Slot Detection (NSD), in the task-oriented dialogue system. NSD aims to discover unknown or out-of-domain slot types to strengthen the capability of a dialogue system based on in-domain training data. Besides, we construct two public NSD datasets, propose several strong NSD baselines, and establish a benchmark for future work. Finally, we conduct exhaustive experiments and qualitative analysis to comprehend key challenges and provide new guidance for future directions.",24,"1","wu-etal-2021-novel","2026-03-09T19:08:39.507757Z","POSITIVE","2021.acl-long.270",1,64.111,"NEGATIVE","","Novel Slot Detection: A Benchmark for Discovering Unknown Slot Types in the Task-Oriented Dialogue System","2026-03-09T19:08:39.507771Z",2021
"For task-oriented dialog systems to be maximally useful, it must be able to process conversations in a way that is (1) generalizable with a small number of training examples for new task domains, and (2) robust to user input in various styles, modalities, or domains. In pursuit of these goals, we introduce the RADDLE benchmark, a collection of corpora and tools for evaluating the performance of models across a diverse set of domains. By including tasks with limited training data, RADDLE is designed to favor and encourage models with a strong generalization ability. RADDLE also includes a diagnostic checklist that facilitates detailed robustness analysis in aspects such as language variations, speech errors, unseen entities, and out-of-domain utterances. We evaluate recent state-of-the-art systems based on pre-training and fine-tuning, and find that grounded pre-training on heterogeneous dialog corpora performs better than training a separate model per domain. Adversarial training is also proposed to improve model robustness against noisy inputs. Overall, existing models are less than satisfactory in robustness evaluation, which suggests opportunities for future improvement.",25,"1","peng-etal-2021-raddle","2026-03-09T19:08:53.777081Z","POSITIVE","2021.acl-long.341",1,13.892,"NEGATIVE","","RADDLE: An Evaluation Benchmark and Analysis Platform for Robust Task-oriented Dialog Systems","2026-03-09T19:08:53.777115Z",2021
"Retrieval is a core component for open-domain NLP tasks. In open-domain tasks, multiple entities can share a name, making disambiguation an inherent yet under-explored problem. We propose an evaluation benchmark for assessing the entity disambiguation capabilities of these retrievers, which we call Ambiguous Entity Retrieval (AmbER) sets. We define an AmbER set as a collection of entities that share a name along with queries about those entities. By covering the set of entities for polysemous names, AmbER sets act as a challenging test of entity disambiguation. We create AmbER sets for three popular open-domain tasks: fact checking, slot filling, and question answering, and evaluate a diverse set of retrievers. We find that the retrievers exhibit popularity bias, significantly under-performing on rarer entities that share a name, e.g., they are twice as likely to retrieve erroneous documents on queries for the less popular entity under the same name. These experiments on AmbER sets show their utility as an evaluation tool and highlight the weaknesses of popular retrieval systems.",26,"1","chen-etal-2021-evaluating","2026-03-09T19:09:24.214861Z","NEGATIVE","2021.acl-long.345",1,30.011,"NEGATIVE","","Evaluating Entity Disambiguation and the Role of Popularity in Retrieval-Based NLP","2026-03-09T19:09:24.214875Z",2021
"Unlike English letters, Chinese characters have rich and specific meanings. Usually, the meaning of a word can be derived from its constituent characters in some way. Several previous works on syntactic parsing propose to annotate shallow word-internal structures for better utilizing character-level information. This work proposes to model the deep internal structures of Chinese words as dependency trees with 11 labels for distinguishing syntactic relationships. First, based on newly compiled annotation guidelines, we manually annotate a word-internal structure treebank (WIST) consisting of over 30K multi-char words from Chinese Penn Treebank. To guarantee quality, each word is independently annotated by two annotators and inconsistencies are handled by a third senior annotator. Second, we present detailed and interesting analysis on WIST to reveal insights on Chinese word formation. Third, we propose word-internal structure parsing as a new task, and conduct benchmark experiments using a competitive dependency parser. Finally, we present two simple ways to encode word-internal structures, leading to promising gains on the sentence-level syntactic parsing task.",27,"1","gong-etal-2021-depth","2026-03-09T19:10:13.051486Z","NEGATIVE","2021.acl-long.452",1,48.453,"NEGATIVE","","An In-depth Study on Internal Structure of Chinese Words","2026-03-09T19:10:13.051502Z",2021
"As more and more product reviews are posted in both text and images, Multimodal Review Analysis (MRA) becomes an attractive research topic. Among the existing review analysis tasks, helpfulness prediction on review text has become predominant due to its importance for e-commerce platforms and online shops, i.e. helping customers quickly acquire useful product information. This paper proposes a new task Multimodal Review Helpfulness Prediction (MRHP) aiming to analyze the review helpfulness from text and visual modalities. Meanwhile, a novel Multi-perspective Coherent Reasoning method (MCR) is proposed to solve the MRHP task, which conducts joint reasoning over texts and images from both the product and the review, and aggregates the signals to predict the review helpfulness. Concretely, we first propose a product-review coherent reasoning module to measure the intra- and inter-modal coherence between the target product and the review. In addition, we also devise an intra-review coherent reasoning module to identify the coherence between the text content and images of the review, which is a piece of strong evidence for review helpfulness prediction. To evaluate the effectiveness of MCR, we present two newly collected multimodal review datasets as benchmark evaluation resources for the MRHP task. Experimental results show that our MCR method can lead to a performance increase of up to 8.5% as compared to the best performing text-only model. The source code and datasets can be obtained from https://github.com/jhliu17/MCR.",28,"1","liu-etal-2021-multi-perspective","2026-03-09T19:10:49.835424Z","POSITIVE","2021.acl-long.461",1,36.359,"NEGATIVE","","Multi-perspective Coherent Reasoning for Helpfulness Prediction of Multimodal Reviews","2026-03-09T19:10:49.835445Z",2021
"In order to deeply understand the capability of pretrained language models in text generation and conduct a diagnostic evaluation, we propose TGEA, an error-annotated dataset with multiple benchmark tasks for text generation from pretrained language models (PLMs). We use carefully selected prompt words to guide GPT-2 to generate candidate sentences, from which we select 47K for error annotation. Crowdsourced workers manually check each of these sentences and detect 12k erroneous sentences. We create an error taxonomy to cover 24 types of errors occurring in these erroneous sentences according to the nature of errors with respect to linguistics and knowledge (e.g., common sense). For each erroneous span in PLM-generated sentences, we also detect another span that is closely associated with it. Each error is hence manually labeled with comprehensive annotations, including the span of the error, the associated span, minimal correction to the error, the type of the error, and rationale behind the error. Apart from the fully annotated dataset, we also present a detailed description of the data collection procedure, statistics and analysis of the dataset. This is the first dataset with comprehensive annotations for PLM-generated texts, which facilitates the diagnostic evaluation of PLM-based text generation. Furthermore, we use TGEA as a benchmark dataset and propose a series of automatic diagnosis tasks, including error detection, error type classification, associated span detection, error rationale generation, to further promote future study on the automatic error detection and correction on texts generated by pretrained language models.",29,"1","he-etal-2021-tgea","2026-03-09T19:11:31.352499Z","POSITIVE","2021.acl-long.469",1,41.101,"NEGATIVE","","TGEA: An Error-Annotated Dataset and Benchmark Tasks for TextGeneration from Pretrained Language Models","2026-03-09T19:11:31.352514Z",2021
"Automatic metrics are essential for developing natural language generation (NLG) models, particularly for open-ended language generation tasks such as story generation. However, existing automatic metrics are observed to correlate poorly with human evaluation. The lack of standardized benchmark datasets makes it difficult to fully evaluate the capabilities of a metric and fairly compare different metrics. Therefore, we propose OpenMEVA, a benchmark for evaluating open-ended story generation metrics. OpenMEVA provides a comprehensive test suite to assess the capabilities of metrics, including (a) the correlation with human judgments, (b) the generalization to different model outputs and datasets, (c) the ability to judge story coherence, and (d) the robustness to perturbations. To this end, OpenMEVA includes both manually annotated stories and auto-constructed test examples. We evaluate existing metrics on OpenMEVA and observe that they have poor correlation with human judgments, fail to recognize discourse-level incoherence, and lack inferential knowledge (e.g., causal order between events), the generalization ability and robustness. Our study presents insights for developing NLG models and metrics in further research.",30,"1","guan-etal-2021-openmeva","2026-03-09T19:12:09.198250Z","NEGATIVE","2021.acl-long.500",1,37.461,"NEGATIVE","","OpenMEVA: A Benchmark for Evaluating Open-ended Story Generation Metrics","2026-03-09T19:12:09.198265Z",2021
"While counterfactual examples are useful for analysis and training of NLP models, current generation methods either rely on manual labor to create very few counterfactuals, or only instantiate limited types of perturbations such as paraphrases or word substitutions. We present Polyjuice, a general-purpose counterfactual generator that allows for control over perturbation types and locations, trained by finetuning GPT-2 on multiple datasets of paired sentences. We show that Polyjuice produces diverse sets of realistic counterfactuals, which in turn are useful in various distinct applications: improving training and evaluation on three different tasks (with around 70% less annotation effort than manual generation), augmenting state-of-the-art explanation techniques, and supporting systematic counterfactual error analysis by revealing behaviors easily missed by human experts.",31,"1","wu-etal-2021-polyjuice","2026-03-09T19:14:26.363966Z","NEGATIVE","2021.acl-long.523",0,136.664,"NEGATIVE","","Polyjuice: Generating Counterfactuals for Explaining, Evaluating, and Improving Models","2026-03-09T19:14:26.363984Z",2021
"Generating metaphors is a difficult task as it requires understanding nuanced relationships between abstract concepts. In this paper, we aim to generate a metaphoric sentence given a literal expression by replacing relevant verbs. Guided by conceptual metaphor theory, we propose to control the generation process by encoding conceptual mappings between cognitive domains to generate meaningful metaphoric expressions. To achieve this, we develop two methods: 1) using FrameNet-based embeddings to learn mappings between domains and applying them at the lexical level (CM-Lex), and 2) deriving source/target pairs to train a controlled seq-to-seq generation model (CM-BART). We assess our methods through automatic and human evaluation for basic metaphoricity and conceptual metaphor presence. We show that the unsupervised CM-Lex model is competitive with recent deep learning metaphor generation systems, and CM-BART outperforms all other models both in automatic and human evaluations.",32,"1","stowe-etal-2021-metaphor","2026-03-09T19:15:38.154947Z","NEGATIVE","2021.acl-long.524",0,71.413,"NEGATIVE","","Metaphor Generation with Conceptual Mappings","2026-03-09T19:15:38.154962Z",2021
"Wet laboratory protocols (WLPs) are critical for conveying reproducible procedures in biological research. They are composed of instructions written in natural language describing the step-wise processing of materials by specific actions. This process flow description for reagents and materials synthesis in WLPs can be captured by material state transfer graphs (MSTGs), which encode global temporal and causal relationships between actions. Here, we propose methods to automatically generate a MSTG for a given protocol by extracting all action relationships across multiple sentences. We also note that previous corpora and methods focused primarily on local intra-sentence relationships between actions and entities and did not address two critical issues: (i) resolution of implicit arguments and (ii) establishing long-range dependencies across sentences. We propose a new model that incrementally learns latent structures and is better suited to resolving inter-sentence relations and implicit arguments. This model draws upon a new corpus WLP-MSTG which was created by extending annotations in the WLP corpora for inter-sentence relations and implicit arguments. Our model achieves an F1 score of 54.53% for temporal and causal relations in protocols from our corpus, which is a significant improvement over previous models - DyGIE++:28.17%; spERT:27.81%. We make our annotated WLP-MSTG corpus available to the research community.",33,"1","kulkarni-etal-2021-learning","2026-03-09T19:16:09.760058Z","NEGATIVE","2021.acl-long.525",0,31.26,"NEGATIVE","","Learning Latent Structures for Cross Action Phrase Relations in Wet Lab Protocols","2026-03-09T19:16:09.760075Z",2021
"Pre-trained language models (LMs) are currently integral to many natural language processing systems. Although multilingual LMs were also introduced to serve many languages, these have limitations such as being costly at inference time and the size and diversity of non-English data involved in their pre-training. We remedy these issues for a collection of diverse Arabic varieties by introducing two powerful deep bidirectional transformer-based models, ARBERT and MARBERT. To evaluate our models, we also introduce ARLUE, a new benchmark for multi-dialectal Arabic language understanding evaluation. ARLUE is built using 42 datasets targeting six different task clusters, allowing us to offer a series of standardized experiments under rich conditions. When fine-tuned on ARLUE, our models collectively achieve new state-of-the-art results across the majority of tasks (37 out of 48 classification tasks, on the 42 datasets). Our best model acquires the highest ARLUE score (77.40) across all six task clusters, outperforming all other models including XLM-R Large ( 3.4x larger size). Our models are publicly available at https://github.com/UBC-NLP/marbert and ARLUE will be released through the same repository.",34,"1","abdul-mageed-etal-2021-arbert","2026-03-09T19:17:32.923942Z","POSITIVE","2021.acl-long.551",1,82.783,"NEGATIVE","","ARBERT & MARBERT: Deep Bidirectional Transformers for Arabic","2026-03-09T19:17:32.923961Z",2021
"In this work, we introduce : the largest publicly available multilingual dataset for factual verification of naturally existing real-world claims. The dataset contains short statements in 25 languages and is labeled for veracity by expert fact-checkers. The dataset includes a multilingual evaluation benchmark that measures both out-of-domain generalization, and zero-shot capabilities of the multilingual models. Using state-of-the-art multilingual transformer-based models, we develop several automated fact-checking models that, along with textual claims, make use of additional metadata and evidence from news stories retrieved using a search engine. Empirically, our best model attains an F-score of around 40%, suggesting that our dataset is a challenging benchmark for the evaluation of multilingual fact-checking models.",35,"1","gupta-srikumar-2021-x","2026-03-09T19:17:45.447214Z","POSITIVE","2021.acl-short.86",1,12.146,"POSITIVE","","X-Fact: A New Benchmark Dataset for Multilingual Fact Checking","2026-03-09T19:17:45.447233Z",2021
"NeurST is an open-source toolkit for neural speech translation. The toolkit mainly focuses on end-to-end speech translation, which is easy to use, modify, and extend to advanced speech translation research and products. NeurST aims at facilitating the speech translation research for NLP researchers and building reliable benchmarks for this field. It provides step-by-step recipes for feature extraction, data preprocessing, distributed training, and evaluation. In this paper, we will introduce the framework design of NeurST and show experimental results for different benchmark datasets, which can be regarded as reliable baselines for future research. The toolkit is publicly available at https://github.com/bytedance/neurst and we will continuously update the performance of with other counterparts and studies at https://st-benchmark.github.io/.",36,"1","zhao-etal-2021-neurst","2026-03-09T19:18:12.108519Z","NEGATIVE","2021.acl-demo.7",0,26.298,"NEGATIVE","","NeurST: Neural Speech Translation Toolkit","2026-03-09T19:18:12.108536Z",2021
"We present WiC-TSV, a new multi-domain evaluation benchmark for Word Sense Disambiguation. More specifically, we introduce a framework for Target Sense Verification of Words in Context which grounds its uniqueness in the formulation as binary classification task thus being independent of external sense inventories, and the coverage of various domains. This makes the dataset highly flexible for the evaluation of a diverse set of models and systems in and across domains. WiC-TSV provides three different evaluation settings, depending on the input signals provided to the model. We set baseline performance on the dataset using state-of-the-art language models. Experimental results show that even though these models can perform decently on the task, there remains a gap between machine and human performance, especially in out-of-domain settings. WiC-TSV data is available at https://competitions.codalab.org/competitions/23683.",37,"1","breit-etal-2021-wic","2026-03-09T19:18:47.285908Z","POSITIVE","2021.eacl-main.140",1,34.765,"POSITIVE","","WiC-TSV: An Evaluation Benchmark for Target Sense Verification of Words in Context","2026-03-09T19:18:47.285923Z",2021
"Linguistically informed analyses of language models (LMs) contribute to the understanding and improvement of such models. Here, we introduce the corpus of Chinese linguistic minimal pairs (CLiMP) to investigate what knowledge Chinese LMs acquire. CLiMP consists of sets of 1000 minimal pairs (MPs) for 16 syntactic contrasts in Chinese, covering 9 major Chinese linguistic phenomena. The MPs are semi-automatically generated, and human agreement with the labels in CLiMP is 95.8%. We evaluate 11 different LMs on CLiMP, covering n-grams, LSTMs, and Chinese BERT. We find that classifier–noun agreement and verb complement selection are the phenomena that models generally perform best at. However, models struggle the most with the ba construction, binding, and filler-gap dependencies. Overall, Chinese BERT achieves an 81.8% average accuracy, while the performances of LSTMs and 5-grams are only moderately above chance level.",38,"1","xiang-etal-2021-climp","2026-03-09T19:19:14.902239Z","POSITIVE","2021.eacl-main.242",1,27.282,"NEGATIVE","","CLiMP: A Benchmark for Chinese Language Model Evaluation","2026-03-09T19:19:14.902254Z",2021
"Scaling semantic parsing models for task-oriented dialog systems to new languages is often expensive and time-consuming due to the lack of available datasets. Available datasets suffer from several shortcomings: a) they contain few languages b) they contain small amounts of labeled examples per language c) they are based on the simple intent and slot detection paradigm for non-compositional queries. In this paper, we present a new multilingual dataset, called MTOP, comprising of 100k annotated utterances in 6 languages across 11 domains. We use this dataset and other publicly available datasets to conduct a comprehensive benchmarking study on using various state-of-the-art multilingual pre-trained models for task-oriented semantic parsing. We achieve an average improvement of +6.3 points on Slot F1 for the two existing multilingual datasets, over best results reported in their experiments. Furthermore, we demonstrate strong zero-shot performance using pre-trained models combined with automatic translation and alignment, and a proposed distant supervision method to reduce the noise in slot label projection.",39,"1","li-etal-2021-mtop","2026-03-09T19:20:02.005645Z","POSITIVE","2021.eacl-main.257",1,46.73,"NEGATIVE","","MTOP: A Comprehensive Multilingual Task-Oriented Semantic Parsing Benchmark","2026-03-09T19:20:02.005662Z",2021
"Language domains that require very careful use of terminology are abundant and reflect a significant part of the translation industry. In this work we introduce a benchmark for evaluating the quality and consistency of terminology translation, focusing on the medical (and COVID-19 specifically) domain for five language pairs: English to French, Chinese, Russian, and Korean, as well as Czech to German. We report the descriptions and results of the participating systems, commenting on the need for further research efforts towards both more adequate handling of terminologies as well as towards a proper formulation and evaluation of the task.",40,"1","alam-etal-2021-findings","2026-03-09T19:20:30.035878Z","NEGATIVE","2021.wmt-1.69",1,27.627,"NEGATIVE","","Findings of the WMT Shared Task on Machine Translation Using Terminologies","2026-03-09T19:20:30.035894Z",2021
"We aim to develop methods for understanding how multimedia news exposure can affect people’s emotional responses, and we especially focus on news content related to gun violence, a very important yet polarizing issue in the U.S. We created the dataset NEmo+ by significantly extending the U.S. gun violence news-to-emotions dataset, BU-NEmo, from 320 to 1,297 news headline and lead image pairings and collecting 38,910 annotations in a large crowdsourcing experiment. In curating the NEmo+ dataset, we developed methods to identify news items that will trigger similar versus divergent emotional responses. For news items that trigger similar emotional responses, we compiled them into the NEmo+-Consensus dataset. We benchmark models on this dataset that predict a person’s dominant emotional response toward the target news item (single-label prediction). On the full NEmo+ dataset, containing news items that would lead to both differing and similar emotional responses, we also benchmark models for the novel task of predicting the distribution of evoked emotional responses in humans when presented with multi-modal news content. Our single-label and multi-label prediction models outperform baselines by large margins across several metrics.",41,"1","gao-etal-2022-prediction","2026-03-09T19:20:44.876280Z","POSITIVE","2022.aacl-main.29",1,14.388,"POSITIVE","","Prediction of People’s Emotional Response towards Multi-modal News","2026-03-09T19:20:44.876314Z",2022
"Nepali is a low-resource language with more than 40 million speakers worldwide. It is written in Devnagari script and has rich semantics and complex grammatical structure. To this date, multilingual models such as Multilingual BERT, XLM and XLM-RoBERTa haven’t been able to achieve promising results in Nepali NLP tasks, and there does not exist any such a large-scale monolingual corpus. This study presents NepBERTa, a BERT-based Natural Language Understanding (NLU) model trained on the most extensive monolingual Nepali corpus ever. We collected a dataset of 0.8B words from 36 different popular news sites in Nepal and introduced the model. This data set is 3 folds times larger than the previous publicly available corpus. We evaluated the performance of NepBERTa in multiple Nepali-specific NLP tasks, including Named-Entity Recognition, Content Classification, POS Tagging, and Sequence Pair Similarity. We also introduce two different datasets for two new downstream tasks and benchmark four diverse NLU tasks altogether. We bring all these four tasks under the first-ever Nepali Language Understanding Evaluation (Nep-gLUE) benchmark. We will make Nep-gLUE along with the pre-trained model and data sets publicly available for research.",42,"1","timilsina-etal-2022-nepberta","2026-03-09T19:21:16.420960Z","POSITIVE","2022.aacl-short.34",1,31.149,"NEGATIVE","","NepBERTa: Nepali Language Model Trained in a Large Corpus","2026-03-09T19:21:16.420982Z",2022
"We propose a benchmark to assess the capability of large language models to reason with conventional metaphors. Our benchmark combines the previously isolated topics of metaphor detection and commonsense reasoning into a single task that requires a model to make inferences by accurately selecting between the literal and metaphorical register. We examine the performance of state-of-the-art pre-trained models on binary-choice tasks and find a large discrepancy between the performance of small and very large models, going from chance to near-human level. We also analyse the largest model in a generative setting and find that although human performance is approached, careful multiple-shot prompting is required.",43,"1","comsa-etal-2022-miqa","2026-03-09T19:21:44.557941Z","POSITIVE","2022.aacl-short.46",1,27.723,"NEGATIVE","","MiQA: A Benchmark for Inference on Metaphorical Questions","2026-03-09T19:21:44.557956Z",2022
"Given the ubiquitous nature of numbers in text, reasoning with numbers to perform simple calculations is an important skill of AI systems. While many datasets and models have been developed to this end, state-of-the-art AI systems are brittle; failing to perform the underlying mathematical reasoning when they appear in a slightly different scenario. Drawing inspiration from GLUE that was proposed in the context of natural language understanding, we propose NumGLUE, a multi-task benchmark that evaluates the performance of AI systems on eight different tasks, that at their core require simple arithmetic understanding. We show that this benchmark is far from being solved with neural models including state-of-the-art large-scale language models performing significantly worse than humans (lower by 46.4 %). Further, NumGLUE promotes sharing knowledge across tasks, especially those with limited training data as evidenced by the superior performance (average gain of 3.4 % on each task) when a model is jointly trained on all the tasks as opposed to task-specific modeling. Finally, we hope that NumGLUE will encourage systems that perform robust and general arithmetic reasoning within language, a first step towards being able to perform more complex mathematical reasoning.",44,"1","mishra-etal-2022-numglue","2026-03-09T19:22:17.066459Z","POSITIVE","2022.acl-long.246",1,32.124,"NEGATIVE","","NumGLUE: A Suite of Fundamental yet Challenging Mathematical Reasoning Tasks","2026-03-09T19:22:17.066482Z",2022
"Sentiment transfer is one popular example of a text style transfer task, where the goal is to reverse the sentiment polarity of a text. With a sentiment reversal comes also a reversal in meaning. We introduce a different but related task called positive reframing in which we neutralize a negative point of view and generate a more positive perspective for the author without contradicting the original meaning. Our insistence on meaning preservation makes positive reframing a challenging and semantically rich task. To facilitate rapid progress, we introduce a large-scale benchmark, Positive Psychology Frames, with 8,349 sentence pairs and 12,755 structured annotations to explain positive reframing in terms of six theoretically-motivated reframing strategies. Then we evaluate a set of state-of-the-art text style transfer models, and conclude by discussing key challenges and directions for future work.",45,"1","ziems-etal-2022-inducing","2026-03-09T19:23:06.774976Z","NEGATIVE","2022.acl-long.257",1,49.295,"NEGATIVE","","Inducing Positive Perspectives with Text Reframing","2026-03-09T19:23:06.775001Z",2022
"English Natural Language Understanding (NLU) systems have achieved great performances and even outperformed humans on benchmarks like GLUE and SuperGLUE. However, these benchmarks contain only textbook Standard American English (SAE). Other dialects have been largely overlooked in the NLP community. This leads to biased and inequitable NLU systems that serve only a sub-population of speakers. To understand disparities in current models and to facilitate more dialect-competent NLU systems, we introduce the VernAcular Language Understanding Evaluation (VALUE) benchmark, a challenging variant of GLUE that we created with a set of lexical and morphosyntactic transformation rules. In this initial release (V.1), we construct rules for 11 features of African American Vernacular English (AAVE), and we recruit fluent AAVE speakers to validate each feature transformation via linguistic acceptability judgments in a participatory design manner. Experiments show that these new dialectal features can lead to a drop in model performance.",46,"1","ziems-etal-2022-value","2026-03-09T19:23:47.032837Z","POSITIVE","2022.acl-long.258",1,39.849,"UNSURE","Re-curates existing NLU classification benchmarks for dialect evaluation but focus is on dialect disparity not new classification tasks","VALUE: Understanding Dialect Disparity in NLU","2026-03-09T19:23:47.032851Z",2022
"Laws and their interpretations, legal arguments and agreements are typically expressed in writing, leading to the production of vast corpora of legal text. Their analysis, which is at the center of legal practice, becomes increasingly elaborate as these collections grow in size. Natural language understanding (NLU) technologies can be a valuable tool to support legal practitioners in these endeavors. Their usefulness, however, largely depends on whether current state-of-the-art models can generalize across various tasks in the legal domain. To answer this currently open question, we introduce the Legal General Language Understanding Evaluation (LexGLUE) benchmark, a collection of datasets for evaluating model performance across a diverse set of legal NLU tasks in a standardized way. We also provide an evaluation and analysis of several generic and legal-oriented models demonstrating that the latter consistently offer performance improvements across multiple tasks.",47,"1","chalkidis-etal-2022-lexglue","2026-03-09T19:24:35.127267Z","POSITIVE","2022.acl-long.297",1,47.677,"UNSURE","Legal NLU multi-task benchmark (GLUE-style) likely includes classification among other task types","LexGLUE: A Benchmark Dataset for Legal Language Understanding in English","2026-03-09T19:24:35.127282Z",2022
"Intrinsic evaluations of OIE systems are carried out either manually—with human evaluators judging the correctness of extractions—or automatically, on standardized benchmarks. The latter, while much more cost-effective, is less reliable, primarily because of the incompleteness of the existing OIE benchmarks: the ground truth extractions do not include all acceptable variants of the same fact, leading to unreliable assessment of the models’ performance. Moreover, the existing OIE benchmarks are available for English only. In this work, we introduce BenchIE: a benchmark and evaluation framework for comprehensive evaluation of OIE systems for English, Chinese, and German. In contrast to existing OIE benchmarks, BenchIE is fact-based, i.e., it takes into account informational equivalence of extractions: our gold standard consists of fact synsets, clusters in which we exhaustively list all acceptable surface forms of the same fact. Moreover, having in mind common downstream applications for OIE, we make BenchIE multi-faceted; i.e., we create benchmark variants that focus on different facets of OIE evaluation, e.g., compactness or minimality of extractions. We benchmark several state-of-the-art OIE systems using BenchIE and demonstrate that these systems are significantly less effective than indicated by existing OIE benchmarks. We make BenchIE (data and evaluation code) publicly available.",48,"1","gashteovski-etal-2022-benchie","2026-03-09T19:27:05.890106Z","NEGATIVE","2022.acl-long.307",1,150.367,"NEGATIVE","","BenchIE: A Framework for Multi-Faceted Fact-Based Open Information Extraction Evaluation","2026-03-09T19:27:05.890122Z",2022
"Supervised learning has traditionally focused on inductive learning by observing labeled examples of a task. In contrast, a hallmark of human intelligence is the ability to learn new concepts purely from language. Here, we explore training zero-shot classifiers for structured data purely from language. For this, we introduce CLUES, a benchmark for Classifier Learning Using natural language ExplanationS, consisting of a range of classification tasks over structured data along with natural language supervision in the form of explanations. CLUES consists of 36 real-world and 144 synthetic classification tasks. It contains crowdsourced explanations describing real-world tasks from multiple teachers and programmatically generated explanations for the synthetic tasks. To model the influence of explanations in classifying an example, we develop ExEnt, an entailment-based model that learns classifiers using explanations. ExEnt generalizes up to 18% better (relative) on novel tasks than a baseline that does not use explanations. We delineate key challenges for automated learning from explanations, addressing which can lead to progress on CLUES in the future. Code and datasets are available at: https://clues-benchmark.github.io.",49,"1","menon-etal-2022-clues","2026-03-09T19:27:30.270823Z","POSITIVE","2022.acl-long.451",1,23.942,"POSITIVE","","CLUES: A Benchmark for Learning Classifiers using Natural Language Explanations","2026-03-09T19:27:30.270841Z",2022
"Existing Natural Language Inference (NLI) datasets, while being instrumental in the advancement of Natural Language Understanding (NLU) research, are not related to scientific text. In this paper, we introduce SciNLI, a large dataset for NLI that captures the formality in scientific text and contains 107,412 sentence pairs extracted from scholarly papers on NLP and computational linguistics. Given that the text used in scientific literature differs vastly from the text used in everyday language both in terms of vocabulary and sentence structure, our dataset is well suited to serve as a benchmark for the evaluation of scientific NLU models. Our experiments show that SciNLI is harder to classify than the existing NLI datasets. Our best performing model with XLNet achieves a Macro F1 score of only 78.18% and an accuracy of 78.23% showing that there is substantial room for improvement.",50,"1","sadat-caragea-2022-scinli","2026-03-09T19:28:28.509925Z","POSITIVE","2022.acl-long.511",1,57.858,"POSITIVE","","SciNLI: A Corpus for Natural Language Inference on Scientific Text","2026-03-09T19:28:28.509942Z",2022
"We propose VALSE (Vision And Language Structured Evaluation), a novel benchmark designed for testing general-purpose pretrained vision and language (V&L) models for their visio-linguistic grounding capabilities on specific linguistic phenomena. VALSE offers a suite of six tests covering various linguistic constructs. Solving these requires models to ground linguistic phenomena in the visual modality, allowing more fine-grained evaluations than hitherto possible. We build VALSE using methods that support the construction of valid foils, and report results from evaluating five widely-used V&L models. Our experiments suggest that current models have considerable difficulty addressing most phenomena. Hence, we expect VALSE to serve as an important benchmark to measure future progress of pretrained V&L models from a linguistic perspective, complementing the canonical task-centred V&L evaluations.",51,"1","parcalabescu-etal-2022-valse","2026-03-09T19:29:22.824777Z","POSITIVE","2022.acl-long.567",1,53.918,"NEGATIVE","","VALSE: A Task-Independent Benchmark for Vision and Language Models Centered on Linguistic Phenomena","2026-03-09T19:29:22.824793Z",2022
"Transfer learning has proven to be crucial in advancing the state of speech and natural language processing research in recent years. In speech, a model pre-trained by self-supervised learning transfers remarkably well on multiple tasks. However, the lack of a consistent evaluation methodology is limiting towards a holistic understanding of the efficacy of such models. SUPERB was a step towards introducing a common benchmark to evaluate pre-trained models across various speech tasks. In this paper, we introduce SUPERB-SG, a new benchmark focusing on evaluating the semantic and generative capabilities of pre-trained models by increasing task diversity and difficulty over SUPERB. We use a lightweight methodology to test the robustness of representations learned by pre-trained models under shifts in data domain and quality across different types of tasks. It entails freezing pre-trained model parameters, only using simple task-specific trainable heads. The goal is to be inclusive of all researchers, and encourage efficient use of computational resources. We also show that the task diversity of SUPERB-SG coupled with limited task supervision is an effective recipe for evaluating the generalizability of model representation.",52,"1","tsai-etal-2022-superb","2026-03-09T19:29:47.929646Z","NEGATIVE","2022.acl-long.580",1,24.726,"NEGATIVE","","SUPERB-SG: Enhanced Speech processing Universal PERformance Benchmark for Semantic and Generative Capabilities","2026-03-09T19:29:47.929661Z",2022
"Pretrained language models (PLMs) have achieved superhuman performance on many benchmarks, creating a need for harder tasks. We introduce CoDA21 (Context Definition Alignment), a challenging benchmark that measures natural language understanding (NLU) capabilities of PLMs: Given a definition and a context each for k words, but not the words themselves, the task is to align the k definitions with the k contexts. CoDA21 requires a deep understanding of contexts and definitions, including complex inference and world knowledge. We find that there is a large gap between human and PLM performance, suggesting that CoDA21 measures an aspect of NLU that is not sufficiently covered in existing benchmarks.",53,"1","senel-etal-2022-coda21","2026-03-09T19:30:28.482961Z","POSITIVE","2022.acl-short.92",1,40.198,"NEGATIVE","","CoDA21: Evaluating Language Understanding Capabilities of NLP Models With Context-Definition Alignment","2026-03-09T19:30:28.482983Z",2022
"Our goal is to study the novel task of distant supervision for multilingual relation extraction (Multi DS-RE). Research in Multi DS-RE has remained limited due to the absence of a reliable benchmarking dataset. The only available dataset for this task, RELX-Distant (Köksal and Özgür, 2020), displays several unrealistic characteristics, leading to a systematic overestimation of model performance. To alleviate these concerns, we release a new benchmark dataset for the task, named DiS-ReX. We also modify the widely-used bag attention models using an mBERT encoder and provide the first baseline results on the proposed task. We show that DiS-ReX serves as a more challenging dataset than RELX-Distant, leaving ample room for future research in this domain.",54,"1","bhartiya-etal-2022-dis","2026-03-09T19:31:06.663574Z","POSITIVE","2022.acl-short.95",1,37.802,"NEGATIVE","","DiS-ReX: A Multilingual Dataset for Distantly Supervised Relation Extraction","2026-03-09T19:31:06.663589Z",2022
"Existing table question answering datasets contain abundant factual questions that primarily evaluate a QA system’s comprehension of query and tabular data. However, restricted by their short-form answers, these datasets fail to include question–answer interactions that represent more advanced and naturally occurring information needs: questions that ask for reasoning and integration of information pieces retrieved from a structured knowledge source. To complement the existing datasets and to reveal the challenging nature of the table-based question answering task, we introduce FeTaQA, a new dataset with 10K Wikipedia-based table, question, free-form answer, supporting table cells pairs. FeTaQA is collected from noteworthy descriptions of Wikipedia tables that contain information people tend to seek; generation of these descriptions requires advanced processing that humans perform on a daily basis: Understand the question and table, retrieve, integrate, infer, and conduct text planning and surface realization to generate an answer. We provide two benchmark methods for the proposed task: a pipeline method based on semantic parsing-based QA systems and an end-to-end method based on large pretrained text generation models, and show that FeTaQA poses a challenge for both methods.",55,"1","nan-etal-2022-fetaqa","2026-03-09T19:31:49.579623Z","NEGATIVE","2022.tacl-1.3",1,42.494,"NEGATIVE","","FeTaQA: Free-form Table Question Answering","2026-03-09T19:31:49.579639Z",2022
"The widespread dissemination of toxic online posts is increasingly damaging to society. However, research on detecting toxic language in Chinese has lagged significantly due to limited datasets. Existing datasets suffer from a lack of fine-grained annotations, such as the toxic type and expressions with indirect toxicity. These fine-grained annotations are crucial factors for accurately detecting the toxicity of posts involved with lexical knowledge, which has been a challenge for researchers. To tackle this problem, we facilitate the fine-grained detection of Chinese toxic language by building a new dataset with benchmark results. First, we devised Monitor Toxic Frame, a hierarchical taxonomy to analyze the toxic type and expressions. Then, we built a fine-grained dataset ToxiCN, including both direct and indirect toxic samples. ToxiCN is based on an insulting vocabulary containing implicit profanity. We further propose a benchmark model, Toxic Knowledge Enhancement (TKE), by incorporating lexical features to detect toxic language. We demonstrate the usability of ToxiCN and the effectiveness of TKE based on a systematic quantitative and qualitative analysis.",56,"1","lu-etal-2023-facilitating","2026-03-09T19:31:57.911044Z","POSITIVE","2023.acl-long.898",1,7.962,"POSITIVE","","Facilitating Fine-grained Detection of Chinese Toxic Language: Hierarchical Taxonomy, Resources, and Benchmarks","2026-03-09T19:31:57.911063Z",2023
"Encoding long sequences in Natural Language Processing (NLP) is a challenging problem. Though recent pretraining language models achieve satisfying performances in many NLP tasks, they are still restricted by a pre-defined maximum length, making them challenging to be extended to longer sequences. So some recent works utilize hierarchies to model long sequences. However, most of them apply sequential models for upper hierarchies, suffering from long dependency issues. In this paper, we alleviate these issues through a graph-based method. We first chunk the sequence with a fixed length to model the sentence-level information. We then leverage graphs to model intra- and cross-sentence correlations with a new attention mechanism. Additionally, due to limited standard benchmarks for long document classification (LDC), we propose a new challenging benchmark, totaling six datasets with up to 53k samples and 4034 average tokens’ length. Evaluation shows our model surpasses competitive baselines by 2.6% in F1 score, and 4.8% on the longest sequence dataset. Our method is shown to outperform hierarchical sequential models with better performance and scalability, especially for longer sequences.",57,"1","li-etal-2023-hipool","2026-03-09T19:33:58.703957Z","POSITIVE","2023.acl-short.16",1,120.382,"NEGATIVE","","HiPool: Modeling Long Documents Using Graph Neural Networks","2026-03-09T19:33:58.703974Z",2023
"Privacy policies provide individuals with information about their rights and how their personal information is handled. Natural language understanding (NLU) technologies can support individuals and practitioners to understand better privacy practices described in lengthy and complex documents. However, existing efforts that use NLU technologies are limited by processing the language in a way exclusive to a single task focusing on certain privacy practices. To this end, we introduce the Privacy Policy Language Understanding Evaluation (PLUE) benchmark, a multi-task benchmark for evaluating the privacy policy language understanding across various tasks. We also collect a large corpus of privacy policies to enable privacy policy domain-specific language model pre-training. We evaluate several generic pre-trained language models and continue pre-training them on the collected corpus. We demonstrate that domain-specific continual pre-training offers performance improvements across all tasks. The code and models are released at https://github.com/JFChi/PLUE.",58,"1","chi-etal-2023-plue","2026-03-09T19:34:09.995714Z","POSITIVE","2023.acl-short.31",1,10.889,"UNSURE","Privacy policy NLU benchmark with multiple task types, likely includes classification among other NLU tasks","PLUE: Language Understanding Evaluation Benchmark for Privacy Policies in English","2026-03-09T19:34:09.995731Z",2023
"Large-scale code generation models such as Copilot and CodeT5 have achieved impressive performance. However, libraries are upgraded or deprecated very frequently and re-training large-scale language models is computationally expensive. Therefore, Continual Learning (CL) is an important aspect that remains under-explored in the code domain. In this paper, we introduce a benchmark called CodeTask-CL that covers a wide range of tasks, including code generation, translation, summarization, and refinement, with different input and output programming languages. Next, on our CodeTask-CL benchmark, we compare popular CL techniques from NLP and Vision domains. We find that effective methods like Prompt Pooling (PP) suffer from catastrophic forgetting due to the unstable training of the prompt selection mechanism caused by stark distribution shifts in coding tasks. We address this issue with our proposed method, Prompt Pooling with Teacher Forcing (PP-TF), that stabilizes training by enforcing constraints on the prompt selection mechanism and leads to a 21.54% improvement over Prompt Pooling. Along with the benchmark, we establish a training pipeline that can be used for CL on code models, which we believe can motivate further development of CL methods for code models.",59,"1","yadav-etal-2023-exploring","2026-03-09T19:34:28.178303Z","NEGATIVE","2023.acl-short.68",1,17.776,"NEGATIVE","","Exploring Continual Learning for Code Generation Models","2026-03-09T19:34:28.178321Z",2023
"Tense inconsistency frequently occurs in machine translation. However, there are few criteria to assess the model’s mastery of tense prediction from a linguistic perspective. In this paper, we present a parallel tense test set, containing French-English 552 utterances. We also introduce a corresponding benchmark, tense prediction accuracy. With the tense test set and the benchmark, researchers are able to measure the tense consistency performance of machine translation systems for the first time.",60,"1","ai-etal-2023-tecs","2026-03-09T19:35:54.266897Z","POSITIVE","2023.acl-short.164",1,85.714,"NEGATIVE","","TeCS: A Dataset and Benchmark for Tense Consistency of Machine Translation","2026-03-09T19:35:54.266913Z",2023
"In this paper, we study the viability of the deployment of language models towards non-playable character (NPC) scripts, by introducing a novel pipeline for the automatic construction of NPC scripts using Transformer-based believable scripts for a variety of game genres and specifications. In addition, we propose a self-diagnosis method inspired by previous work to develop language models, tailored specifically to desirable NPC qualities such as coherency, believability, and degree of repetition. Finally, we propose a new benchmark, called The Turing Quest, which we use to show that the pipeline, when applied to GPT-3, can generate for a variety of game genres and contexts, NPC scripts that can fool judges in thinking they have been written by humans. We believe that these findings can greatly benefit both the gaming industry and its global community of users, since many current games continue to base their NPCs on manually-curated scripts that are resource-demanding and may curb the immersiveness and enjoyment of the user.",61,"1","gao-emami-2023-turing","2026-03-09T19:36:17.823080Z","NEGATIVE","2023.acl-srw.17",1,23.188,"NEGATIVE","","The Turing Quest: Can Transformers Make Good NPCs?","2026-03-09T19:36:17.823096Z",2023
"Recently, neural models have been leveraged to significantly improve the performance of information extraction from semi-structured websites. However, a barrier for continued progress is the small number of datasets large enough to train these models. In this work, we introduce the PLAtE (Pages of Lists Attribute Extraction) benchmark dataset as a challenging new web extraction task. PLAtE focuses on shopping data, specifically extractions from product review pages with multiple items encompassing the tasks of: (1) finding product list segmentation boundaries and (2) extracting attributes for each product. PLAtE is composed of 52,898 items collected from 6,694 pages and 156,014 attributes, making it the first large-scale list page web extraction dataset. We use a multi-stage approach to collect and annotate the dataset and adapt three state-of-the-art web extraction models to the two tasks comparing their strengths and weaknesses both quantitatively and qualitatively.",62,"1","san-etal-2023-plate","2026-03-09T19:37:00.260866Z","NEGATIVE","2023.acl-industry.27",1,42.099,"NEGATIVE","","PLAtE: A Large-scale Dataset for List Page Web Extraction","2026-03-09T19:37:00.260881Z",2023
"In this paper, we introduce the benchmark datasets named CLUB (Chemical Language Understanding Benchmark) to facilitate NLP research in the chemical industry. We have 4 datasets consisted of text and token classification tasks. As far as we have recognized, it is one of the first examples of chemical language understanding benchmark datasets consisted of tasks for both patent and literature articles provided by industrial organization. All the datasets are internally made by chemists from scratch. Finally, we evaluate the datasets on the various language models based on BERT and RoBERTa, and demonstrate the model performs better when the domain of the pretrained models are closer to chemistry domain. We provide baselines for our benchmark as 0.8054 in average, and we hope this benchmark is used by many researchers in both industry and academia.",63,"1","kim-etal-2023-chemical","2026-03-09T19:40:00.290091Z","POSITIVE","2023.acl-industry.39",1,179.67,"POSITIVE","","Chemical Language Understanding Benchmark","2026-03-09T19:40:00.290111Z",2023
"With the success of Large Language Models (LLMs), many Generative Vision-Language Models (GVLMs) have been constructed via multimodal instruction tuning. However, the performance of GVLMs in multimodal compositional reasoning remains under-explored. In this paper, we examine both the evaluation metrics ( VisualGPTScore, etc.) and current benchmarks for evaluating the compositionality of GVLMs. We identify the syntactical bias in current benchmarks, which is exploited by the linguistic capability of GVLMs. The bias renders VisualGPTScore an insufficient metric for assessing GVLMs. To combat this, we first introduce a **SyntaxBias Score**, leveraging LLMs to quantify such bias for mitigation. A challenging new task is subsequently added to evaluate the robustness of GVLMs against inherent inclination toward syntactical correctness. Using the bias-mitigated datasets and the new task, we propose a novel benchmark, namely **S**ynt**A**ctically **DE**-biased benchmark (SADE). Our study provides an unbiased benchmark for the compositionality of GVLMs, facilitating future research in this direction. Code and dataset are available at https://github.com/TeleeMa/SADE.",64,"1","ma-etal-2024-examination","2026-03-09T19:41:16.046151Z","POSITIVE","2024.naacl-long.39",1,75.39,"NEGATIVE","","An Examination of the Compositionality of Large Generative Vision-Language Models","2026-03-09T19:41:16.046179Z",2024
"In this paper, we introduce a benchmark for evaluating the overall quality of emergent languages using data-driven methods. Specifically, we interpret the notion of the “quality” of an emergent language as its similarity to human language within a deep learning framework. We measure this by using the emergent language as pretraining data for a downstream NLP tasks in human language—the better the downstream performance, the better the emergent language. We implement this benchmark as an easy-to-use Python package that only requires a text file of utterances from the emergent language to be evaluated. Finally, we empirically test the benchmark’s validity using human, synthetic, and emergent language baselines.",65,"1","boldt-mortensen-2024-xferbench","2026-03-09T19:42:41.164026Z","POSITIVE","2024.naacl-long.82",1,84.694,"NEGATIVE","","XferBench: a Data-Driven Benchmark for Emergent Language","2026-03-09T19:42:41.164052Z",2024
"In this paper we present an exploratory research on quantifying the impact that data distribution has on the performance and evaluation of NLP models. We propose an automated framework that measures the data point distribution across 6 different dimensions: ambiguity, difficulty, discriminability, length, noise, and perplexity.We use disproportional stratified sampling to measure how much the data distribution affects absolute (Acc/F1) and relative (Rank) model performance. We experiment on 2 different datasets (SQUAD and MNLI) and test a total of 135 different models (125 on SQUAD and 10 on MNLI). We demonstrate that without explicit control of the data distribution, standard evaluation frameworks are inconsistent and unreliable. We find that the impact of the data is statistically significant and is often larger than the impact of changing the metric. In a second set of experiments, we demonstrate that the impact of data on evaluation is not just observable, but also predictable. We propose to use benchmark transparency as a method for comparing datasets and quantifying the similarity between them. We find that the “dataset similarity vector” can be used to predict how well a model generalizes out of distribution.",66,"1","kovatchev-lease-2024-benchmark","2026-03-09T19:44:00.705173Z","POSITIVE","2024.naacl-long.86",1,79.185,"NEGATIVE","","Benchmark Transparency: Measuring the Impact of Data on Evaluation","2026-03-09T19:44:00.705188Z",2024
"Instruction tuning (IT) improves large language models (LLMs) by aligning their outputs with human instructions, but its success depends critically on training data quality, and datasets such as Alpaca often contain noisy or suboptimal examples that undermine fine‐tuning. Prior selection strategies score samples using general‐purpose LLMs (e.g., GPT), leveraging their strong language understanding yet introducing inherent biases that misalign with the target model’s behavior and yield unstable downstream performance. Influence‐based methods address this by estimating each example’s marginal contribution to overall performance, but they typically assume additive contributions and therefore overlook higher‐order interactions among samples. To overcome these limitations, we propose JI2S, a novel framework that jointly models both marginal and combinatorial influences within sample groups. Applying JI2S to select the top 1,000 most influential examples from Alpaca, we fine‐tune LLaMA2‐7B, Mistral‐7B, and LLaMA2‐13B and evaluate them on Open LLM Benchmarks, MT‐Bench, and GPT‐4–judged pairwise comparisons. Our experiments show that JI2S consistently outperforms full‐dataset training and strong baselines, highlighting the value of capturing joint influence for high‐quality instruction fine‐tuning. We provide our code in this GitHub repository.",67,"1","wei-etal-2025-ji2s","2026-03-09T19:44:59.520231Z","NEGATIVE","2025.emnlp-main.26",0,58.438,"NEGATIVE","","JI2S: Joint Influence‐Aware Instruction Data Selection for Efficient Fine‐Tuning","2026-03-09T19:44:59.520256Z",2025
"Vision Language Models (VLMs) have achieved remarkable success in a wide range of vision applications of increasing complexity and scales, yet choosing the right VLM model size involves a trade-off between response quality and cost. While smaller VLMs are cheaper to run, they typically produce responses only marginally better than random guessing on benchmarks such as MMMU. In this paper, we propose Cache of Thought (CoT), a master–apprentice framework for collaborative inference between large and small VLMs. CoT manages high-quality query results from large VLMs (master) in a cache, which are then selected via a novel multi-modal retrieval and in-context learning to aid the performance of small VLMs (apprentice). We extensively evaluate CoT on various widely-recognized and challenging general reasoning benchmarks, and show that CoT increases overall reasoning performance by up to 7.7% under the same budget, and specifically boosts the reasoning performance of apprentice VLMs by up to 36.6%. Our code is available at https://github.com/UIUC-MONET/Cache-of-Thoughts.",68,"1","wu-etal-2025-cache","2026-03-09T19:46:16.983285Z","POSITIVE","2025.emnlp-main.97",0,77.064,"NEGATIVE","","Cache-of-Thought: Master-Apprentice Framework for Cost-Effective Vision Language Model Reasoning","2026-03-09T19:46:16.983302Z",2025
"To meet the increasing need for timely and accurate evaluation of large language model (LLM) responses, training LLM-as-judges to evaluate and critique other model responses has emerged as a popular paradigm. However, existing judge models are largely trained with supervised finetuning (SFT) on small data scales to perform limited types of evaluation tasks, fundamentally limiting generalization.To meet the need for strong, generalized judge models, we explore training foundational judge models at large data scales (680K) with direct preference optimization (DPO). Using four training tasks, we form three types of DPO preference pairs targeting different aspects of evaluation: Generating meaningful critiques, making accurate judgements, and understanding what comprises good and bad responses. To demonstrate the effectiveness of our method, we train judge models of three sizes: 8B parameters, 12B, and 70B, and evaluate on a comprehensive suite of 13 benchmarks (7 pairwise, 4 single rating, and 2 classification). Our models achieve the best aggregate performance, with even our 8B model outperforming GPT-4o in pairwise benchmarks. Further analysis shows that our judge models produce factual and actionable critiques and serve as strong foundational judges for continued finetuning.",69,"1","wang-etal-2025-direct-judgement","2026-03-09T19:47:21.264939Z","NEGATIVE","2025.emnlp-main.103",0,63.893,"NEGATIVE","","Direct Judgement Preference Optimization","2026-03-09T19:47:21.264956Z",2025
"Large Language Models (LLMs) based agent systems have made great strides in real-world applications beyond traditional NLP tasks. This paper proposes a new LLM-based Multi-Agent System (LLM-MAS) benchmark, Collab-Overcooked, built on the popular Overcooked-AI game with more applicable and challenging tasks in interactive environments. Collab-Overcooked extends existing benchmarks in two novel ways. First, it provides a multi-agent framework supporting diverse tasks and objectives and encourages collaboration through natural language communication. Second, it introduces a spectrum of process-oriented evaluation metrics to assess the fine-grained collaboration capabilities of different LLM agents, a dimension often overlooked in prior work. We conduct extensive experiments with 13 popular LLMs and show that, while the LLMs exhibit a strong ability in goal interpretation, there are significant shortcomings in active collaboration and continuous adaptation, which are critical for efficiently fulfilling complex tasks. Notably, we highlight the strengths and weaknesses of LLM-MAS and provide insights for improving and evaluating LLM-MAS on a unified and open-source benchmark. The environments, 30 open-ended tasks, and the evaluation package are publicly available at https://github.com/YusaeMeow/Collab-Overcooked.",70,"1","sun-etal-2025-collab","2026-03-09T19:47:56.893908Z","NEGATIVE","2025.emnlp-main.249",1,35.036,"NEGATIVE","","Collab-Overcooked: Benchmarking and Evaluating Large Language Models as Collaborative Agents","2026-03-09T19:47:56.893928Z",2025
"Redundancy of visual tokens in multi-modal large language models (MLLMs) significantly reduces their computational efficiency. Recent approaches, such as resamplers and summarizers, have sought to reduce the number of visual tokens, but at the cost of visual reasoning ability. To address this, we propose LEO-Mini, a novel MLLM that significantly reduces the number of visual tokens and simultaneously boosts visual reasoning capabilities. For efficiency, LEO-Mini incorporates CoTR, a novel token reduction module to consolidate a large number of visual tokens into a smaller set of tokens, using the similarity between visual tokens, text tokens, and a compact learnable query. For effectiveness, to scale up the model’s ability with minimal computational overhead, LEO-Mini employs MMoE, a novel mixture of multi-modal experts module. MMoE employs a set of LoRA experts with a novel router to switch between them based on the input text and visual tokens instead of only using the input hidden state. MMoE also includes a general LoRA expert that is always activated to learn general knowledge for LLM reasoning. For extracting richer visual features, MMoE employs a set of vision experts trained on diverse domain-specific data. To demonstrate LEO-Mini’s improved efficiency and performance, we evaluate it against existing efficient MLLMs on various benchmark vision-language tasks.",71,"1","wang-etal-2025-leo","2026-03-09T19:49:45.013131Z","NEGATIVE","2025.emnlp-main.368",0,107.665,"NEGATIVE","","LEO-MINI: An Efficient Multimodal Large Language Model using Conditional Token Reduction and Mixture of Multi-Modal Experts","2026-03-09T19:49:45.013146Z",2025
"Relation Triplet Extraction (RTE) is a fundamental while challenge task in knowledge acquisition, which identifies and extracts all triplets from unstructured text. Despite the recent advancements, the deep integration of the entity-, relation- and triplet-specific information remains a challenge. In this paper, we propose a Graph-based Mixture-of-Experts mutual learning framework for RTE, namely RTE-GMoE, to address this limitation. As a model-agnostic framework, RTE-GMoE distinguishes itself by including and modeling the mutual interactions among three vital task-specific experts: entity expert, RTE expert, and relation expert. RTE expert corresponds to the main RTE task and can be implemented by any model and the other two correspond to the two auxiliary tasks: entity recognition and relation extraction. We construct an expert graph and achieve comprehensive and adaptive graph-based MoE interactions with a novel mutual learning mechanism. In our framework, these experts perform knowledge extractions collaboratively via dynamic information exchange and knowledge sharing. We conduct extensive experiments on four state-of-the-art backbones and evaluate them on several widely-used benchmarks. The results demonstrate that our framework brings consistent and promising improvements on all backbones and benchmarks. Component study and model analysis further verify the effectiveness and advantages of our method.",72,"1","wulamu-etal-2025-rte","2026-03-09T19:50:03.651800Z","NEGATIVE","2025.emnlp-main.380",0,18.201,"NEGATIVE","","RTE-GMoE: A Model-agnostic Approach for Relation Triplet Extraction via Graph-based Mixture-of-Expert Mutual Learning","2026-03-09T19:50:03.651823Z",2025
"Event forecasting requires modeling historical event data to predict future events, and achieving accurate predictions depends on effectively capturing the relevant historical information that aids forecasting. Most existing methods focus on entities and structural dependencies to capture historical clues but often overlook implicitly relevant information. This limitation arises from overlooking event semantics and deeper factual associations that are not explicitly connected in the graph structure but are nonetheless critical for accurate forecasting. To address this, we propose a dual-criteria constraint strategy that leverages event semantics for relevance modeling and incorporates a self-supervised semantic filter based on factual event associations to capture implicitly relevant historical information. Building on this strategy, our method, termed ITHI (Integrating Three types of Historical Information), combines sequential event information, periodically repeated event information, and relevant historical information to achieve context-aware event forecasting. We evaluated the proposed ITHI method on three public benchmark datasets, achieving state-of-the-art performance and significantly outperforming existing approaches. Additionally, we validated its effectiveness on two structured temporal knowledge graph forecasting dataset.",73,"1","ma-etal-2025-mining","2026-03-09T19:50:19.506723Z","NEGATIVE","2025.emnlp-main.413",0,15.372,"NEGATIVE","","Mining the Past with Dual Criteria: Integrating Three types of Historical Information for Context-aware Event Forecasting","2026-03-09T19:50:19.506744Z",2025
"We revisit hierarchical bracketing encodings from a practical perspective in the context of dependency graph parsing. The approach encodes graphs as sequences, enabling linear-time parsing with n tagging actions, and still representing reentrancies, cycles, and empty nodes. Compared to existing graph linearizations, this representation substantially reduces the label space while preserving structural information. We evaluate it on a multilingual and multi-formalism benchmark, showing competitive results and consistent improvements over other methods in exact match accuracy.",74,"1","ezquerro-etal-2025-hierarchical-bracketing","2026-03-09T19:50:32.178149Z","NEGATIVE","2025.emnlp-main.447",0,12.148,"NEGATIVE","","Hierarchical Bracketing Encodings Work for Dependency Graphs","2026-03-09T19:50:32.178167Z",2025
"Recent advances in Large Language Models (LLMs) have enabled them to process increasingly longer sequences, ranging from 2K to 2M tokens and even beyond. However, simply extending the input sequence length does not necessarily lead to effective long-context understanding. In this study, we integrate Chain-of-Thought (CoT) reasoning into LLMs in a supervised manner to facilitate effective long-context understanding. To achieve this, we introduce LongFinanceQA, a synthetic dataset in the financial domain designed to improve long-context reasoning. Unlike existing long-context synthetic data, LongFinanceQA includes intermediate CoT reasoning before the final conclusion, which encourages LLMs to perform explicit reasoning, improving accuracy and interpretability in long-context understanding. To generate synthetic CoT reasoning, we propose Property-based Agentic Inference (PAI), an agentic framework that simulates human-like reasoning steps, including property extraction, retrieval, and summarization. We evaluate PAI’s reasoning capabilities by assessing GPT-4o-mini w/ PAI on the Loong benchmark, outperforming standard GPT-4o-mini by 20.0%. Furthermore, we fine-tune LLaMA-3.1-8B-Instruct on LongFinanceQA, achieving a 28.0% gain on Loong’s financial subset.",75,"1","lin-etal-2025-facilitating","2026-03-09T19:55:13.427894Z","NEGATIVE","2025.emnlp-main.615",0,280.88,"NEGATIVE","","Facilitating Long Context Understanding via Supervised Chain-of-Thought Reasoning","2026-03-09T19:55:13.427910Z",2025
"Despite their impressive capabilities, Large Vision-Language Models (LVLMs) frequently generate responses that are plausible but incorrect or unsupported—commonly referred to as hallucinations. In this study, we investigate whether different types of hallucinations are reflected in the model’s internal representations by probing their encoded features. We focus on two key causes of hallucination in multimodal reasoning: (1) over-reliance on textual priors and (2) preference for user prompts over conflicting visual evidence—factors identified in prior work as frequent and impactful. Our probing results reveal that hallucinations exhibit distinguishable representational patterns, suggesting the potential for a representation-level approach to characterize and mitigate them. Motivated by these findings, we propose Steering HAllucination via RePresentation Engineering (SHARP), a representation-level intervention framework that modulates hallucination-related features during inference. SHARP identifies functional representations responsible for prior-driven biases and visual-context conflicts, and jointly adjusts the model’s internal activations in real time. We evaluate our approach extensively on three large vision-language models across multiple benchmarks. Experimental results demonstrate that SHARP effectively reduces hallucinations while preserving the performance and generalization capabilities of LVLMs.",76,"1","wu-etal-2025-sharp","2026-03-09T19:55:55.062870Z","NEGATIVE","2025.emnlp-main.725",0,41.218,"NEGATIVE","","SHARP: Steering Hallucination in LVLMs via Representation Engineering","2026-03-09T19:55:55.062887Z",2025
"Conversational aspect-based sentiment quadruple analysis (DiaASQ) is a newly-emergent task aiming to extract quadruples of target-aspect-opinion-sentiment from a conversation text. Existing studies struggle to capture complete dialogue semantics, largely due to inadequate inter-utterance modeling and the underutilization of dialogue structure. To address these issues, we propose an Inter-sentence Context Modeling and Structure-aware Representation Enhancement model (ICMSR) to extract dialogue aspect sentiment quadruple. We design the Dialog Inter-sentence Contextual Enhancer (DICE) module after the sentence-by-sentence encoding phase to enhance inter-sentence interactions and mitigate contextual fragmentation caused by traditional sequential encoding. Moreover, to fully exploit structural information within dialogues, we propose the Dialog Feature Amplifier (DFA), which consists of two submodules: STREAM and SMM. The STREAM module integrates diverse structural dialogue information to generate structure-aware sentence representations, effectively improving the modeling of intra-dialogue structural relations. Furthermore, the Structural Multi-scale Mechanism (SMM) employs a multi-scale modeling approach, simulating varying extents of contextual awareness, thereby enhancing the model’s ability to capture cross-sentence structural dependencies. We extensively evaluate our method on benchmark datasets, and the empirical results consistently confirm its effectiveness.",77,"1","zhang-etal-2025-inter","2026-03-09T19:56:21.084543Z","NEGATIVE","2025.emnlp-main.867",0,25.658,"NEGATIVE","","Inter-sentence Context Modeling and Structure-aware Representation Enhancement for Conversational Sentiment Quadruple Extraction","2026-03-09T19:56:21.084559Z",2025
"Recent advances in large language models (LLMs) have demonstrated significant promise in document understanding and question-answering. Despite the progress, existing approaches can only process short documents due to limited context length or fail to fully leverage multi-modal information. In this work, we introduce DocAgent, a multi-agent framework for long-context document understanding that imitates human reading practice. Specifically, we first extract a structured, tree-formatted outline from documents to help agents identify relevant sections efficiently. Further, we develop an interactive reading interface that enables agents to query and retrieve various types of content dynamically. To ensure answer reliability, we introduce a reviewer agent that cross-checks responses using complementary sources and maintains a task-agnostic memory bank to facilitate knowledge sharing across tasks. We evaluate our method on two long-context document understanding benchmarks, where it bridges the gap to human-level performance by surpassing competitive baselines, while maintaining a short context length. Our code is available at https://github.com/lisun-ai/DocAgent.",78,"1","sun-etal-2025-docagent","2026-03-09T19:56:47.968511Z","NEGATIVE","2025.emnlp-main.893",0,26.544,"NEGATIVE","","DocAgent: An Agentic Framework for Multi-Modal Long-Context Document Understanding","2026-03-09T19:56:47.968531Z",2025
"Graphical User Interface (GUI) agents are expected to precisely operate on the screens of digital devices. Existing GUI agents merely depend on current visual observations and plain-text action history, ignoring the significance of history screens. To mitigate this issue, we propose **UI-Hawk**, a multi-modal GUI agent specially designed to process screen streams encountered during GUI navigation. UI-Hawk incorporates a history-aware visual encoder to handle the screen sequences. To acquire a better understanding of screen streams, we select four fundamental tasks—UI grounding, UI referring, screen question answering, and screen summarization. We further propose a curriculum learning strategy to subsequently guide the model from fundamental tasks to advanced screen-stream comprehension.Along with the efforts above, we have also created a benchmark FunUI to quantitatively evaluate the fundamental screen understanding ability of MLLMs. Extensive experiments on FunUI and GUI navigation benchmarks consistently validate that screen stream understanding is essential for GUI tasks.Our code and data are now available at https://github.com/IMNearth/UIHawk.",79,"1","zhang-etal-2025-ui","2026-03-09T19:57:57.053380Z","NEGATIVE","2025.emnlp-main.920",0,68.681,"NEGATIVE","","UI-Hawk: Unleashing the Screen Stream Understanding for Mobile GUI Agents","2026-03-09T19:57:57.053394Z",2025
"Keyword decision in Sponsored Search Advertising is critical to the success of ad campaigns. While LLM-based methods offer automated keyword generation, they face three major limitations: reliance on large-scale query–keyword pair data, lack of online multi-objective performance monitoring and optimization, and weak quality control in keyword selection. These issues hinder the agentic use of LLMs in fully automating keyword decisions by monitoring and reasoning over key performance indicators such as impressions, clicks, conversions, and CTA effectiveness. To overcome these challenges, we propose OMS, a keyword generation framework that is On-the-fly (requires no training data, monitors online performance, and adapts accordingly), Multi-objective (employs agentic reasoning to optimize keywords based on multiple performance metrics) and Self-reflective (agentically evaluates keyword quality). Experiments on benchmarks and real-world ad campaigns show that OMS outperforms existing methods; Ablation and human evaluations confirm the effectiveness of each component and the quality of generated keywords.",80,"1","chen-etal-2025-oms","2026-03-09T19:59:52.663698Z","NEGATIVE","2025.emnlp-main.938",0,115.226,"NEGATIVE","","OMS: On-the-fly, Multi-Objective, Self-Reflective Ad Keyword Generation via LLM Agent","2026-03-09T19:59:52.663713Z",2025
"Selecting an optimal set of exemplars is critical for good performance of in-context learning. However, prior exemplar search methods narrowly optimize for predictive accuracy, critically neglecting model calibration—a key determinant of trustworthiness and safe deployment. In this paper, we formulate exemplar selection as a multi-objective optimization problem, explicitly targeting both the maximization of predictive accuracy and the minimization of expected calibration error. We solve this problem with a sample-efficient Combinatorial Bayesian Optimization algorithm (COM-BOM) to find the Pareto-front that optimally trade-offs the two objectives of accuracy and calibration. We evaluate COM-BOM on multiple tasks from un-saturated MMLU-pro benchmark and find that COM-BOM beats or matches the baselines in jointly optimizing the two objectives, while requiring a minimal number of LLM API calls.",81,"1","luo-deshwal-2025-com","2026-03-09T20:00:14.357957Z","NEGATIVE","2025.emnlp-main.1027",0,21.331,"NEGATIVE","","COM-BOM: Bayesian Exemplar Search for Efficiently Exploring the Accuracy-Calibration Pareto Frontier","2026-03-09T20:00:14.357990Z",2025
"We present Paired by the Teacher (PbT), a two-stage teacher–student pipeline that synthesizes accurate input–output pairs without human labels or parallel data. In many low-resource natural language generation (NLG) scenarios, practitioners may have only raw outputs, like highlights, recaps, or questions, or only raw inputs, such as articles, dialogues, or paragraphs, but seldom both. This mismatch forces small models to learn from very few examples or rely on costly, broad-scope synthetic examples produced by large LLMs. PbT addresses this by asking a teacher LLM to compress each unpaired example into a concise intermediate representation (IR), and training a student to reconstruct inputs from IRs. This enables outputs to be paired with student-generated inputs, yielding high-quality synthetic data. We evaluate PbT on five benchmarks—document summarization (XSum, CNNDM), dialogue summarization (SAMSum, DialogSum), and question generation (SQuAD)—as well as an unpaired setting on SwitchBoard (paired with DialogSum summaries). An 8B student trained only on PbT data outperforms models trained on 70 B teacher-generated corpora and other unsupervised baselines, coming within 1.2 ROUGE-L of human-annotated pairs and closing 82% of the oracle gap at one-third the annotation cost of direct synthesis. Human evaluation on SwitchBoard further confirms that only PbT produces concise, faithful summaries aligned with the target style, highlighting its advantage of generating in-domain sources that avoid the mismatch, limiting direct synthesis.",82,"1","lu-etal-2025-paired","2026-03-09T20:00:37.856859Z","NEGATIVE","2025.emnlp-main.1030",0,23.18,"NEGATIVE","","Paired by the Teacher: Turning Unpaired Data into High-Fidelity Pairs for Low-Resource Text Generation","2026-03-09T20:00:37.856874Z",2025
"Existing approaches typically rely on large-scale fine-tuning to adapt LLMs for information reranking tasks, which is computationally expensive. In this work, we demonstrate that modern LLMs can be effectively adapted using only minimal, high-quality supervision. To enable this, we design LIMRANK-SYNTHESIZER, a reusable and open-source pipeline for generating diverse, challenging, and realistic reranking examples. Using this synthetic data, we fine-tune our reranker model, LIMRANK. We evaluate LIMRANK on two challenging benchmarks, i.e., BRIGHT for reasoning-intensive retrieval and FollowIR for instruction-following retrieval. Our experiments demonstrate that LIMRANK achieves competitive performance, while being trained on less than 5% of the data typically used in prior work. Further ablation studies demonstrate the effectiveness of LIMRANK-SYNTHESIZER and the strong generalization capabilities of LIMRANK across downstream tasks, including scientific literature search and retrieval-augmented generation for knowledge-intensive problem solving.",83,"1","song-etal-2025-limrank","2026-03-09T20:01:11.996734Z","NEGATIVE","2025.emnlp-main.1041",0,33.767,"NEGATIVE","","LimRank: Less is More for Reasoning-Intensive Information Reranking","2026-03-09T20:01:11.996749Z",2025
"Long-tail question answering presents significant challenges for large language models (LLMs) due to their limited ability to acquire and accurately recall less common knowledge. Retrieval-augmented generation (RAG) systems have shown great promise in mitigating this limitation by integrating external retrieval mechanisms. However, dense retrieval models often face the same difficulties when generalizing to rare or niche knowledge. In this study, we introduce RPDR, a novel data augmentation framework that selects high-quality easy-to-learn training data, to enhance dense retrievers. Our approach is built around three core components: synthetic data generation, data selection with Round-Trip prediction to identify easy-to-learn instances, and retriever training with these instances. We evaluate RPDR on two long-tail retrieval benchmarks, PopQA and EntityQuestion, demonstrating substantial improvements over existing retrievers like BM25 and Contriver, especially on extremely long-tail categories. We identify the strengths and limitations of RPDR through detailed human analysis and propose a dynamic routing mechanism to dynamically route queries to specialized retrieval modules to further improve retrieval performance.",84,"1","zhang-etal-2025-rpdr","2026-03-09T20:01:55.656659Z","NEGATIVE","2025.emnlp-main.1119",0,43.33,"NEGATIVE","","RPDR: A Round-trip Prediction-Based Data Augmentation Framework for Long-Tail Question Answering","2026-03-09T20:01:55.656674Z",2025
"Recent work has identified retrieval heads (Wu et al., 2025), a subset of attention heads responsible for retrieving salient information in long-context language models (LMs), as measured by their copy-paste behavior in Needle-in-a-Haystack tasks. In this paper, we introduce QRHead (Query-Focused Retrieval Head), an improved set of attention heads that enhance retrieval from long context. We identify QRHead by aggregating attention scores with respect to the input query, using a handful of examples from real-world tasks (e.g., long-context QA). We further introduce QRRetriever, an efficient and effective retriever that uses the accumulated attention mass of QRHead as retrieval scores. We use QRRetriever for long-context reasoning by selecting the most relevant parts with the highest retrieval scores. On multi-hop reasoning tasks LongMemEval and CLIPPER, this yields over 10% performance gains over full context and outperforms strong dense retrievers. We also evaluate QRRetriever as a re-ranker on the BEIR benchmark and find that it achieves strong zero-shot performance, outperforming other LLM-based re-rankers such as RankGPT. Further analysis shows that both the query-context attention scoring and task selection are crucial for identifying QRHead with strong downstream utility. Overall, our work contributes a general-purpose retriever and offers interpretability insights into the long-context capabilities of LMs.",85,"1","zhang-etal-2025-query-focused","2026-03-09T20:02:09.499053Z","NEGATIVE","2025.emnlp-main.1214",0,13.467,"NEGATIVE","","Query-Focused Retrieval Heads Improve Long-Context Reasoning and Re-ranking","2026-03-09T20:02:09.499067Z",2025
"Grounding natural language queries in graphical user interfaces (GUIs) poses unique challenges due to the diversity of visual elements, spatial clutter, and the ambiguity of language. In this paper, we introduce DiMo-GUI, a training-free framework for GUI grounding that leverages two core strategies: dynamic visual grounding and modality-aware optimization. Instead of treating the GUI as a monolithic image, our method splits the input into textual elements and iconic elements, allowing the model to reason over each modality independently using general-purpose vision-language models. When predictions are ambiguous or incorrect, DiMo-GUI dynamically focuses attention by generating candidate focal regions centered on the model’s initial predictions and incrementally zooms into subregions to refine the grounding result. This hierarchical refinement process helps disambiguate visually crowded layouts without the need for additional training or annotations. We evaluate our approach on standard GUI grounding benchmarks and demonstrate consistent improvements over baseline inference pipelines, highlighting the effectiveness of combining modality separation with region-focused reasoning.",86,"1","wu-etal-2025-dimo","2026-03-09T20:02:21.455607Z","NEGATIVE","2025.emnlp-main.1334",0,11.5,"NEGATIVE","","DiMo-GUI: Advancing Test-time Scaling in GUI Grounding via Modality-Aware Visual Reasoning","2026-03-09T20:02:21.455666Z",2025
"Recently, Multimodal Large Language Models (MLLMs) encounter two key issues in multi-image contexts: (1) a lack of fine-grained perception across disparate images, and (2) a diminished capability to effectively reason over and synthesize information from multiple visual inputs. However, while various prompting methods aim to describe visual content, many existing studies focus primarily on single-image settings or specific, constrained scenarios. This leaves a critical gap in understanding and addressing how MLLMs tackle more general and complex multi-image reasoning tasks. Thus, we first extensively investigate how current prompting methods perceive fine-grained visual details and process visual information when dealing with multiple images. Our findings reveal that existing prompting methods fall short in attending to needed clues and seamlessly integrating perception and reasoning. Inspired by the findings, we propose a new zero-shot prompting method, Question-Guided Chain-of-Captions (QG-CoC), a generalized prompting approach that effectively handles problems with an arbitrary number of images. We evaluate our method on various open-source and closed-source MLLMs for multi-image and single-image benchmarks. Experimental results indicate that QG-CoC demonstrates competitive performance across tasks and exhibits robust improvements in the challenging scenarios where existing prompting methods fail.",87,"1","kao-etal-2025-qg","2026-03-09T20:02:33.763852Z","NEGATIVE","2025.emnlp-main.1445",0,11.724,"NEGATIVE","","QG-CoC: Question-Guided Chain-of-Captions for Large Multimodal Models","2026-03-09T20:02:33.763879Z",2025
"Instructing language models with user intent requires large instruction datasets, which are only available for a limited set of languages. In this paper, we explore alternatives to conventional instruction adaptation pipelines in low-resource scenarios. We assume a realistic scenario for low-resource languages, where only the following are available: corpora in the target language, existing open-weight multilingual base and instructed backbone LLMs, and synthetically generated instructions sampled from the instructed backbone. We present a comprehensive set of experiments for Basque that systematically study different combinations of these components evaluated on benchmarks and human preferences from 1,680 participants. Our conclusions show that target language corpora are essential, with synthetic instructions yielding robust models, and, most importantly, that using as backbone an instruction-tuned model outperforms using a base non-instructed model. Scaling up to Llama 3.1 Instruct 70B as backbone, our model comes near frontier models of much larger sizes for Basque, without using any Basque instructions. We release code, models, instruction datasets, and human preferences to support full reproducibility in future research on low-resource language adaptation.",88,"1","sainz-etal-2025-instructing","2026-03-09T20:03:52.489066Z","NEGATIVE","2025.emnlp-main.1484",0,78.198,"NEGATIVE","","Instructing Large Language Models for Low-Resource Languages: A Systematic Study for Basque","2026-03-09T20:03:52.489095Z",2025
"Interaction between learner and feedback-giver has come into focus recently for post-training of Large Language Models (LLMs), through the use of reward models that judge the appropriateness of a model’s response. In this paper, we investigate whether Dialogue Games—goal-directed and rule-governed activities driven predominantly by verbal actions—can also serve as a source of feedback signals for learning.We introduce Playpen, an environment for off- and online learning through Dialogue Game self-play, and investigate a representative set of post-training methods: supervised fine-tuning; direct alignment (DPO); and reinforcement learning with Group Relative Policy Optimization (GRPO). We experiment with post-training a small LLM (Llama-3.1-8B-Instruct), evaluating performance on unseen instances of training games as well as unseen games, and on standard benchmarks. We find that imitation learning through SFT improves performance on unseen instances, but negatively impacts other skills, while interactive learning with GRPO shows balanced improvements without loss of skills. We release the framework and the baseline training setups to foster research in this promising new direction of “learning in (synthetic) interaction”.",89,"1","horst-etal-2025-playpen","2026-03-09T20:04:16.120314Z","NEGATIVE","2025.emnlp-main.1517",0,23.196,"NEGATIVE","","Playpen: An Environment for Exploring Learning From Dialogue Game Feedback","2026-03-09T20:04:16.120336Z",2025
"Systematic reviews in medicine play a critical role in evidence-based decision-making by aggregating findings from multiple studies. A central bottleneck in automating this process is extracting numeric evidence and determining study-level conclusions for specific outcomes and comparisons. Prior work has framed this problem as a textual inference task by retrieving relevant content fragments and inferring conclusions from them. However, such approaches often rely on shallow textual cues and fail to capture the underlying numeric reasoning behind expert assessments.In this work, we conceptualise the problem as one of quantitative reasoning. Rather than inferring conclusions from surface text, we extract structured numerical evidence (e.g., event counts or standard deviations) and apply domain knowledge informed logic to derive outcome-specific conclusions. We develop a numeric reasoning system composed of a numeric data extraction model and an effect estimate component, enabling more accurate and interpretable inference aligned with the domain expert principles. We train the numeric data extraction model using different strategies, including supervised fine-tuning (SFT) and reinforcement learning (RL) with a new value reward model.When evaluated on the CochraneForest benchmark, our best-performing approach – using RL to train a small-scalenumber extraction model – yields up to a 21% absolute improvement in F1 score over retrieval-based systems and outperforms general-purpose LLMs of over 400B parameters by up to 9%.Our results demonstrate the promise of reasoning-driven approaches for automating systematic evidence synthesis.",90,"1","pronesti-etal-2025-enhancing","2026-03-09T20:04:38.316490Z","NEGATIVE","2025.emnlp-main.1544",0,21.666,"NEGATIVE","","Enhancing Study-Level Inference from Clinical Trial Papers via Reinforcement Learning-Based Numeric Reasoning","2026-03-09T20:04:38.316506Z",2025
"This paper investigates prior prompt engineering (pPE) in the context of reinforcement fine-tuning (RFT), where language models (LMs) are incentivized to exhibit behaviors that maximize performance through reward signals. While existing RFT research has primarily focused on algorithms, reward shaping, and data curation, the design of the prior prompt–the instructions prepended to queries during training to elicit behaviors such as step-by-step reasoning–remains underexplored. We investigate whether different pPE approaches can guide LMs to internalize distinct behaviors after RFT. Inspired by inference-time prompt engineering (iPE), we translate five representative iPE strategies–reasoning, planning, code-based reasoning, knowledge recall, and null-example utilization–into corresponding pPE approaches. We experiment with Qwen2.5-7B using each of the pPE approaches, then evaluate performance on in-domain and out-of-domain benchmarks (e.g., AIME2024, HumanEval+, and GPQA-Diamond). Our results show that all pPE-trained models surpass their iPE-prompted counterparts, with the null-example pPE approach achieving the largest average performance gain and the highest improvement on AIME2024 and GPQA-Diamond, surpassing the commonly used reasoning approach. Furthermore, by adapting a behavior-classification framework, we demonstrate that different pPE strategies instill distinct behavioral styles in the resulting models. These findings position pPE as a powerful yet understudied axis for RFT.",91,"1","taveekitworachai-etal-2025-prior","2026-03-09T20:04:52.901869Z","NEGATIVE","2025.emnlp-main.1590",0,14.168,"NEGATIVE","","Prior Prompt Engineering for Reinforcement Fine-Tuning","2026-03-09T20:04:52.901893Z",2025
"Minimum Bayes Risk (MBR) decoding has seen renewed interest as an alternative to traditional generation strategies. While MBR has proven effective in machine translation, where the variability of a language model’s outcome space is naturally constrained, it may face challenges in more open-ended tasks such as dialogue or instruction-following. We hypothesise that in such settings, applying MBR with standard similarity-based utility functions may result in selecting responses that are broadly representative of the model’s distribution, yet sub-optimal with respect to any particular grouping of generations that share an underlying latent structure. In this work, we introduce three lightweight adaptations to the utility function, designed to make MBR more sensitive to structural variability in the outcome space. To test our hypothesis, we curate a dataset capturing three representative types of latent structure—dialogue act, emotion, and response structure (e.g., a sentence, a paragraph, or a list)—and we propose two metrics to evaluate the structural optimality of MBR. Our analysis demonstrates that common similarity-based utility functions fall short by these metrics. In contrast, our proposed adaptations considerably improve structural optimality. Finally, we evaluate our approaches on real-world instruction-following benchmarks, AlpacaEval and MT-Bench, and show that increased structural sensitivity improves generation quality by up to 13.7 percentage points in win rate.",92,"1","eikema-etal-2025-structure","2026-03-09T20:05:08.022215Z","NEGATIVE","2025.emnlp-main.1616",0,14.606,"NEGATIVE","","Structure-Conditional Minimum Bayes Risk Decoding","2026-03-09T20:05:08.022231Z",2025
"Numerous advanced Large Language Models (LLMs) now support context lengths up to 128K, and some extend to 200K. Some benchmarks in the generic domain have also followed up on evaluating long-context capabilities. In the medical domain, tasks are distinctive due to the unique contexts and need for domain expertise, necessitating further evaluation. However, despite the frequent presence of long texts in medical scenarios, evaluation benchmarks of long-context capabilities for LLMs in this field are still rare. In this paper, we propose MedOdyssey, the first medical long-context benchmark with seven length levels ranging from 4K to 200K tokens. MedOdyssey consists of two primary components: the medical-context “needles in a haystack” task and a series of tasks specific to medical applications, together comprising 10 datasets. The first component includes challenges such as counter-intuitive reasoning and novel (unknown) facts injection to mitigate knowledge leakage and data contamination of LLMs. The second component confronts the challenge of requiring professional medical expertise. Especially, we design the ‘“Maximum Identical Context” principle to improve fairness by guaranteeing that different LLMs observe as many identical contexts as possible. Our experiment evaluates advanced proprietary and open-source LLMs tailored for processing long contexts and presents detailed performance analyses. This highlights that LLMs still face challenges and need for further research in this area. Our code and data are released in the repository: https://github.com/JOHNNY-fans/MedOdyssey.",93,"1","fan-etal-2025-medodyssey","2026-03-09T20:07:04.776434Z","UNSURE","2025.findings-naacl.3",1,116.213,"NEGATIVE","","MedOdyssey: A Medical Domain Benchmark for Long Context Evaluation Up to 200K Tokens","2026-03-09T20:07:04.776448Z",2025
"Text-to-image (T2I) generation models have significantly advanced in recent years. However, effective interaction with these models is challenging for average users due to the need for specialized prompt engineering knowledge and the inability to perform multi-turn image generation, hindering a dynamic and iterative creation process. Recent attempts have tried to equip Multi-modal Large Language Models (MLLMs) with T2I models to bring the user’s natural language instructions into reality. Hence, the output modality of MLLMs is extended, and the multi-turn generation quality of T2I models is enhanced thanks to the strong multi-modal comprehension ability of MLLMs. However, many of these works face challenges in identifying correct output modalities and generating coherent images accordingly as the number of output modalities increases and the conversations go deeper. Therefore, we propose DialogGen, an effective pipeline to align off-the-shelf MLLMs and T2I models to build a Multi-modal Interactive Dialogue System (MIDS) for multi-turn Text-to-Image generation. It is composed of drawing prompt alignment, careful training data curation, and error correction. Moreover, as the field of MIDS flourishes, comprehensive benchmarks are urgently needed to evaluate MIDS fairly in terms of output modality correctness and multi-modal output coherence. To address this issue, we introduce the Multi-modal Dialogue Benchmark (DialogBen), a comprehensive bilingual benchmark designed to assess the ability of MLLMs to generate accurate and coherent multi-modal content that supports image editing. It contains two evaluation metrics to measure the model’s ability to switch modalities and the coherence of the output images. Our extensive experiments on DialogBen and user study demonstrate the effectiveness of DialogGen in producing correct output modalities and coherent multi-modal outputs compared with other State-of-the-Art models. We hope that DialogBen can contribute to the community for building more powerful MIDS.",94,"1","huang-etal-2025-dialoggen","2026-03-09T20:09:12.557780Z","NEGATIVE","2025.findings-naacl.25",1,127.381,"NEGATIVE","","DialogGen: Multi-modal Interactive Dialogue System with Multi-turn Text-Image Generation","2026-03-09T20:09:12.557801Z",2025
"Image Editing has made incredible progress in recent years. Earliest work only supported caption-guided editing. Recently, free-form text instructions and reference images are incorporated to allow more flexibility. However, existing methods still struggle with complicated editing instructions involving multiple objects or reference images. We present InstructAny2Pix, a novel image editing model that leverages a multi-modal LLM to execute complicated edit instructions. Compared with previous, works, InstructAny2Pix extends the flexibility of edit instructions in three ways: First, it can perform complex instructions involving multiple object edits; Second, it supports interleaving text instructions with multiple reference images; Third, it supports audio and music inputs as part of edit prompts, unlocking many creative applications, such as album cover generation and music-inspired merchandise design. To evaluate the effectiveness of InstructAny2Pix, we propose two new benchmark datasets MM-Inst and Dream-booth++ consisting of human written, multi-modal prompts. InstructAny2Pix outperforms baselines in these two proposed multi-modal benchmarks, as well as conventional image editing benchmarks such as InstructPix2Pix.",95,"1","li-etal-2025-instructany2pix","2026-03-09T20:09:31.230187Z","NEGATIVE","2025.findings-naacl.36",1,18.056,"NEGATIVE","","InstructAny2Pix: Image Editing with Multi-Modal Prompts","2026-03-09T20:09:31.230216Z",2025
"The advances of large foundation models necessitate wide-coverage, low-cost, and zero-contamination benchmarks. Despite continuous exploration of language model evaluations, comprehensive studies on the evaluation of Large Multi-modal Models (LMMs) remain limited. In this work, we introduce LMMS-EVAL, a unified and standardized multimodal benchmark framework with over 50 tasks and more than 10 models to promote transparent and reproducible evaluations. Although LMMS-EVAL offers comprehensive coverage, we find it still falls short in achieving low cost and zero contamination. To approach this evaluation trilemma, we further introduce LMMS-EVAL LITE, a pruned evaluation toolkit that emphasizes both coverage and efficiency. Additionally, we present Multimodal LIVEBENCH that utilizes continuously updating news and online forums to assess models’ generalization abilities in the wild, featuring a low-cost and zero-contamination evaluation approach. In summary, our work highlights the importance of considering the evaluation trilemma and provides practical solutions to navigate the trade-offs in evaluating large multi-modal models, paving the way for more effective and reliable benchmarking of LMMs.",96,"1","zhang-etal-2025-lmms","2026-03-09T20:10:45.410141Z","UNSURE","2025.findings-naacl.51",1,73.623,"NEGATIVE","","LMMs-Eval: Reality Check on the Evaluation of Large Multimodal Models","2026-03-09T20:10:45.410163Z",2025
"Large language models (LLMs) exhibit exceptional performance across a wide range of natural language processing tasks, often relying on lengthy prompts to harness their full capabilities. However, extended prompts can lead to substantial computational overhead and increased hardware demands, limiting the scalability and efficiency of such models. In this paper, we propose DisComp, a two-stage prompt compression framework based on knowledge distillation that combines task-agnostic and task-aware strategies, designed to efficiently compress prompt length without compromising performance.In the first stage, task-agnostic compression is achieved through knowledge distillation, transferring the summarization capabilities of a LLM to a smaller, more efficient model. The distillation process combines cross-entropy loss and keyword matching loss to ensure the smaller model generates concise and informative summaries. In the second stage, sentence-level pruning is applied, where sentences are ranked by relevance to the query, and irrelevant sentences are pruned to retain only task-critical information. We evaluate our method on three benchmark datasets, LongBench , ZeroSCROLLS and NaturalQuestions. The results show that DisComp significantly outperforms previous task-agnostic and task-specific compression approaches, and it is up to 6.56× faster at inference compared to the best token-level compression method.",97,"1","quancai-etal-2025-discomp","2026-03-09T20:11:07.092988Z","NEGATIVE","2025.findings-naacl.58",0,21.266,"NEGATIVE","","DisComp: A Two-Stage Prompt Optimization Framework Combining Task-Agnostic and Task-Aware Compression","2026-03-09T20:11:07.093012Z",2025
"Recent years have witnessed a significant interest in developing large multi-modal models (LMMs) capable of performing various visual reasoning and understanding tasks. This has led to the introduction of multiple LMM benchmarks to evaluate LMMs on different tasks. However, most existing LMM evaluation benchmarks are predominantly English-centric. In this work, we develop a comprehensive LMM evaluation benchmark for the Arabic language to represent a large population of over 400 million speakers. The proposed benchmark, named CAMEL-Bench, comprises eight diverse domains and 38 sub-domains including, multi-image understanding, complex visual perception, handwritten document understanding, video understanding, medical imaging, plant diseases, and remote sensing-based land use understanding to evaluate broad scenario generalizability. Our CAMEL-Bench comprises around 29,036 questions that are filtered from a larger pool of samples, where the quality is manually verified by native speakers to ensure reliable model assessment. We conduct evaluations of both closed-source, including GPT-4 series, and open-source LMMs. Our analysis reveals the need for substantial improvement, especially among the bestopen-source models, with even the closed-source GPT-4o achieving an overall score of 62%. Our benchmark will be publicly released.",98,"1","ghaboura-etal-2025-camel","2026-03-09T20:16:13.759086Z","UNSURE","2025.findings-naacl.105",1,306.102,"NEGATIVE","","CAMEL-Bench: A Comprehensive Arabic LMM Benchmark","2026-03-09T20:16:13.759104Z",2025
"Spatial reasoning based on natural language expressions is essential for everyday human tasks. This reasoning ability is also crucial for machines to interact with their environment in a human-like manner. However, recent research shows that even state-of-the-art language models struggle with spatial reasoning over text, especially when facing nesting spatial expressions. This is attributed to not achieving the right level of abstraction required for generalizability.To alleviate this issue, we propose training language models with neuro-symbolic techniques that exploit the spatial logical rules as constraints, providing additional supervision to improve spatial reasoning and question answering.Training language models to adhere to spatial reasoning rules guides them in making more effective and general abstractions for transferring spatial knowledge to various domains. We evaluate our approach on existing spatial question-answering benchmarks. Our results indicate the effectiveness of our proposed technique in improving language models in complex multi-hop spatial reasoning over text.",99,"1","premsri-kordjamshidi-2025-neuro","2026-03-09T20:17:13.543918Z","NEGATIVE","2025.findings-naacl.128",0,59.417,"NEGATIVE","","Neuro-symbolic Training for Reasoning over Spatial Language","2026-03-09T20:17:13.543934Z",2025
"Although many studies have investigated and reduced hallucinations in large language models (LLMs) for single-document tasks, research on hallucination in multi-document summarization (MDS) tasks remains largely unexplored. Specifically, it is unclear how the challenges arising from handling multiple documents (e.g., repetition and diversity of information) affect models outputs. In this work, we investigate how hallucinations manifest in LLMs when summarizing topic-specific information from a set of documents. Since no benchmarks exist for investigating hallucinations in MDS, we leverage existing news and conversation datasets, annotated with topic-specific insights, to create two novel multi-document benchmarks. When evaluating 5 LLMs on our benchmarks, we observe that on average, up to 75% of the content in LLM-generated summary is hallucinated, with hallucinations more likely to occur towards the end of the summaries. Moreover, when summarizing non-existent topic-related information, GPT-3.5-turbo and GPT-4o still generate summaries about 79.45% and 44% of the time, raising concerns about their tendency to fabricate content. To better understand the characteristics of these hallucinations, we conduct a human evaluation of 700+ insights and discover that most errors stem from either failing to follow instructions or producing overly generic insights. Motivated by these observations, we investigate the efficacy of simple post-hoc baselines in mitigating hallucinations but find them only moderately effective. Our results underscore the need for more effective approaches that systematically mitigate hallucinations in MDS.",100,"1","belem-etal-2025-single","2026-03-09T20:17:53.138597Z","NEGATIVE","2025.findings-naacl.293",1,39.186,"NEGATIVE","","From Single to Multi: How LLMs Hallucinate in Multi-Document Summarization","2026-03-09T20:17:53.138624Z",2025
