id,bibkey,label,title,abstract,year,llm_classif_label,llm_justification
2020.aacl-main.79,eger-benz-2020-hero,1,From Hero to Zéroe: A Benchmark of Low-Level Adversarial Attacks,"Adversarial attacks are label-preserving modifications to inputs of machine learning classifiers designed to fool machines but not humans. Natural Language Processing (NLP) has mostly focused on high-level attack scenarios such as paraphrasing input texts. We argue that these are less realistic in typical application scenarios such as in social media, and instead focus on low-level attacks on the character-level. Guided by human cognitive abilities and human robustness, we propose the first large-scale catalogue and benchmark of low-level adversarial attacks, which we dub Zéroe, encompassing nine different attack modes including visual and phonetic adversaries. We show that RoBERTa, NLP’s current workhorse, fails on our attacks. Our dataset provides a benchmark for testing robustness of future more human-like NLP models.",2020,NEGATIVE,
2020.acl-main.111,rybak-etal-2020-klej,1,KLEJ: Comprehensive Benchmark for Polish Language Understanding,"In recent years, a series of Transformer-based models unlocked major improvements in general natural language understanding (NLU) tasks. Such a fast pace of research would not be possible without general NLU benchmarks, which allow for a fair comparison of the proposed methods. However, such benchmarks are available only for a handful of languages. To alleviate this issue, we introduce a comprehensive multi-task benchmark for the Polish language understanding, accompanied by an online leaderboard. It consists of a diverse set of tasks, adopted from existing datasets for named entity recognition, question-answering, textual entailment, and others. We also introduce a new sentiment analysis task for the e-commerce domain, named Allegro Reviews (AR). To ensure a common evaluation scheme and promote models that generalize to different NLU tasks, the benchmark includes datasets from varying domains and applications. Additionally, we release HerBERT, a Transformer-based model trained specifically for the Polish language, which has the best average performance and obtains the best results for three out of nine tasks. Finally, we provide an extensive evaluation, including several standard baselines and recently proposed, multilingual Transformer-based models.",2020,UNSURE,"Multi-task Polish NLU benchmark including classification (sentiment, entailment) and non-classification tasks (NER, QA)"
2020.acl-main.207,cohan-etal-2020-specter,1,SPECTER: Document-level Representation Learning using Citation-informed Transformers,"Representation learning is a critical ingredient for natural language processing systems. Recent Transformer language models like BERT learn powerful textual representations, but these models are targeted towards token- and sentence-level training objectives and do not leverage information on inter-document relatedness, which limits their document-level representation power. For applications on scientific documents, such as classification and recommendation, accurate embeddings of documents are a necessity. We propose SPECTER, a new method to generate document-level embedding of scientific papers based on pretraining a Transformer language model on a powerful signal of document-level relatedness: the citation graph. Unlike existing pretrained language models, Specter can be easily applied to downstream applications without task-specific fine-tuning. Additionally, to encourage further research on document-level models, we introduce SciDocs, a new evaluation benchmark consisting of seven document-level tasks ranging from citation prediction, to document classification and recommendation. We show that Specter outperforms a variety of competitive baselines on the benchmark.",2020,UNSURE,Introduces SciDocs benchmark with document classification among 7 tasks including citation prediction and recommendation
2020.acl-main.209,broscheit-etal-2020-predict,1,Can We Predict New Facts with Open Knowledge Graph Embeddings? A Benchmark for Open Link Prediction,"Open Information Extraction systems extract (“subject text”, “relation text”, “object text”) triples from raw text. Some triples are textual versions of facts, i.e., non-canonicalized mentions of entities and relations. In this paper, we investigate whether it is possible to infer new facts directly from the open knowledge graph without any canonicalization or any supervision from curated knowledge. For this purpose, we propose the open link prediction task,i.e., predicting test facts by completing (“subject text”, “relation text”, ?) questions. An evaluation in such a setup raises the question if a correct prediction is actually a new fact that was induced by reasoning over the open knowledge graph or if it can be trivially explained. For example, facts can appear in different paraphrased textual variants, which can lead to test leakage. To this end, we propose an evaluation protocol and a methodology for creating the open link prediction benchmark OlpBench. We performed experiments with a prototypical knowledge graph embedding model for openlink prediction. While the task is very challenging, our results suggests that it is possible to predict genuinely new facts, which can not be trivially explained.",2020,NEGATIVE,
2020.acl-main.441,nie-etal-2020-adversarial,1,Adversarial NLI: A New Benchmark for Natural Language Understanding,"We introduce a new large-scale NLI benchmark dataset, collected via an iterative, adversarial human-and-model-in-the-loop procedure. We show that training models on this new dataset leads to state-of-the-art performance on a variety of popular NLI benchmarks, while posing a more difficult challenge with its new test set. Our analysis sheds light on the shortcomings of current state-of-the-art models, and shows that non-expert annotators are successful at finding their weaknesses. The data collection method can be applied in a never-ending learning scenario, becoming a moving target for NLU, rather than a static benchmark that will quickly saturate.",2020,POSITIVE,
2020.acl-main.586,akula-etal-2020-words,1,"Words Aren’t Enough, Their Order Matters: On the Robustness of Grounding Visual Referring Expressions","Visual referring expression recognition is a challenging task that requires natural language understanding in the context of an image. We critically examine RefCOCOg, a standard benchmark for this task, using a human study and show that 83.7% of test instances do not require reasoning on linguistic structure, i.e., words are enough to identify the target object, the word order doesn’t matter. To measure the true progress of existing models, we split the test set into two sets, one which requires reasoning on linguistic structure and the other which doesn’t. Additionally, we create an out-of-distribution dataset Ref-Adv by asking crowdworkers to perturb in-domain examples such that the target object changes. Using these datasets, we empirically show that existing methods fail to exploit linguistic structure and are 12% to 23% lower in performance than the established progress for this task. We also propose two methods, one based on contrastive learning and the other based on multi-task learning, to increase the robustness of ViLBERT, the current state-of-the-art model for this task. Our datasets are publicly available at https://github.com/aws/aws-refcocog-adv.",2020,NEGATIVE,
2020.acl-main.728,agarwal-etal-2020-history,1,History for Visual Dialog: Do we really need it?,"Visual Dialogue involves “understanding” the dialogue history (what has been discussed previously) and the current question (what is asked), in addition to grounding information in the image, to accurately generate the correct response. In this paper, we show that co-attention models which explicitly encode dialoh history outperform models that don’t, achieving state-of-the-art performance (72 % NDCG on val set). However, we also expose shortcomings of the crowdsourcing dataset collection procedure, by showing that dialogue history is indeed only required for a small amount of the data, and that the current evaluation metric encourages generic replies. To that end, we propose a challenging subset (VisdialConv) of the VisdialVal set and the benchmark NDCG of 63%.",2020,NEGATIVE,
2020.cl-4.5,vulic-etal-2020-multi,1,Multi-SimLex: A Large-Scale Evaluation of Multilingual and Crosslingual Lexical Semantic Similarity,"We introduce Multi-SimLex, a large-scale lexical resource and evaluation benchmark covering data sets for 12 typologically diverse languages, including major languages (e.g., Mandarin Chinese, Spanish, Russian) as well as less-resourced ones (e.g., Welsh, Kiswahili). Each language data set is annotated for the lexical relation of semantic similarity and contains 1,888 semantically aligned concept pairs, providing a representative coverage of word classes (nouns, verbs, adjectives, adverbs), frequency ranks, similarity intervals, lexical fields, and concreteness levels. Additionally, owing to the alignment of concepts across languages, we provide a suite of 66 crosslingual semantic similarity data sets. Because of its extensive size and language coverage, Multi-SimLex provides entirely novel opportunities for experimental evaluation and analysis. On its monolingual and crosslingual benchmarks, we evaluate and analyze a wide array of recent state-of-the-art monolingual and crosslingual representation models, including static and contextualized word embeddings (such as fastText, monolingual and multilingual BERT, XLM), externally informed lexical representations, as well as fully unsupervised and (weakly) supervised crosslingual word embeddings. We also present a step-by-step data set creation protocol for creating consistent, Multi-Simlex–style resources for additional languages. We make these contributions—the public release of Multi-SimLex data sets, their creation protocol, strong baseline results, and in-depth analyses which can be helpful in guiding future developments in multilingual lexical semantics and representation learning—available via a Web site that will encourage community effort in further expansion of Multi-Simlex to many more languages. Such a large-scale semantic resource could inspire significant further advances in NLP across languages.",2020,NEGATIVE,
2020.coling-main.56,lai-etal-2020-joint,0,A Joint Learning Approach based on Self-Distillation for Keyphrase Extraction from Scientific Documents,"Keyphrase extraction is the task of extracting a small set of phrases that best describe a document. Most existing benchmark datasets for the task typically have limited numbers of annotated documents, making it challenging to train increasingly complex neural networks. In contrast, digital libraries store millions of scientific articles online, covering a wide range of topics. While a significant portion of these articles contain keyphrases provided by their authors, most other articles lack such kind of annotations. Therefore, to effectively utilize these large amounts of unlabeled articles, we propose a simple and efficient joint learning approach based on the idea of self-distillation. Experimental results show that our approach consistently improves the performance of baseline models for keyphrase extraction. Furthermore, our best models outperform previous methods for the task, achieving new state-of-the-art results on two public benchmarks: Inspec and SemEval-2017.",2020,NEGATIVE,
2020.coling-main.263,liu-etal-2020-end,1,End to End Chinese Lexical Fusion Recognition with Sememe Knowledge,"In this paper, we present Chinese lexical fusion recognition, a new task which could be regarded as one kind of coreference recognition. First, we introduce the task in detail, showing the relationship with coreference recognition and differences from the existing tasks. Second, we propose an end-to-end model for the task, handling mentions as well as coreference relationship jointly. The model exploits the state-of-the-art contextualized BERT representations as an encoder, and is further enhanced with the sememe knowledge from HowNet by graph attention networks. We manually annotate a benchmark dataset for the task and then conduct experiments on it. Results demonstrate that our final model is effective and competitive for the task. Detailed analysis is offered for comprehensively understanding the new task and our proposed model.",2020,NEGATIVE,
2020.coling-main.278,han-etal-2020-finding,0,Finding the Evidence: Localization-aware Answer Prediction for Text Visual Question Answering,"Image text carries essential information to understand the scene and perform reasoning. Text-based visual question answering (text VQA) task focuses on visual questions that require reading text in images. Existing text VQA systems generate an answer by selecting from optical character recognition (OCR) texts or a fixed vocabulary. Positional information of text is underused and there is a lack of evidence for the generated answer. As such, this paper proposes a localization-aware answer prediction network (LaAP-Net) to address this challenge. Our LaAP-Net not only generates the answer to the question but also predicts a bounding box as evidence of the generated answer. Moreover, a context-enriched OCR representation (COR) for multimodal fusion is proposed to facilitate the localization task. Our proposed LaAP-Net outperforms existing approaches on three benchmark datasets for the text VQA task by a noticeable margin.",2020,NEGATIVE,
2020.coling-main.419,xu-etal-2020-clue,1,CLUE: A Chinese Language Understanding Evaluation Benchmark,"The advent of natural language understanding (NLU) benchmarks for English, such as GLUE and SuperGLUE allows new NLU models to be evaluated across a diverse set of tasks. These comprehensive benchmarks have facilitated a broad range of research and applications in natural language processing (NLP). The problem, however, is that most such benchmarks are limited to English, which has made it difficult to replicate many of the successes in English NLU for other languages. To help remedy this issue, we introduce the first large-scale Chinese Language Understanding Evaluation (CLUE) benchmark. CLUE is an open-ended, community-driven project that brings together 9 tasks spanning several well-established single-sentence/sentence-pair classification tasks, as well as machine reading comprehension, all on original Chinese text. To establish results on these tasks, we report scores using an exhaustive set of current state-of-the-art pre-trained Chinese models (9 in total). We also introduce a number of supplementary datasets and additional tools to help facilitate further progress on Chinese NLU. Our benchmark is released at https://www.cluebenchmarks.com",2020,UNSURE,Chinese GLUE-style multi-task NLU benchmark with diverse tasks including classification and non-classification
2020.coling-main.486,eberts-etal-2020-manyent,1,ManyEnt: A Dataset for Few-shot Entity Typing,"We introduce ManyEnt, a benchmark for entity typing models in few-shot scenarios. ManyEnt offers a rich typeset, with a fine-grain variant featuring 256 entity types and a coarse-grain one with 53 entity types. Both versions have been derived from the Wikidata knowledge graph in a semi-automatic fashion. We also report results for two baselines using BERT, reaching up to 70.68% accuracy (10-way 1-shot).",2020,POSITIVE,
2020.coling-main.530,abid-2020-sadid,1,The SADID Evaluation Datasets for Low-Resource Spoken Language Machine Translation of Arabic Dialects,"Low-resource Machine Translation recently gained a lot of popularity, and for certain languages, it has made great strides. However, it is still difficult to track progress in other languages for which there is no publicly available evaluation data. In this paper, we introduce benchmark datasets for Arabic and its dialects. We describe our design process and motivations and analyze the datasets to understand their resulting properties. Numerous successful attempts use large monolingual corpora to augment low-resource pairs. We try to approach augmentation differently and investigate whether it is possible to improve MT models without any external sources of data. We accomplish this by bootstrapping existing parallel sentences and complement this with multilingual training to achieve strong baselines.",2020,NEGATIVE,
2020.coling-main.584,piskorski-etal-2020-new,1,New Benchmark Corpus and Models for Fine-grained Event Classification: To BERT or not to BERT?,"We introduce a new set of benchmark datasets derived from ACLED data for fine-grained event classification and compare the performance of various state-of-the-art models on these datasets, including SVM based on TF-IDF character n-grams and neural context-free embeddings (GLOVE and FASTTEXT) as well as deep learning-based BERT with its contextual embeddings. The best results in terms of micro (94.3-94.9%) and macro F1 (86.0-88.9%) were obtained using BERT transformer, with simpler TF-IDF character n-gram based SVM being an interesting alternative. Further, we discuss the pros and cons of the considered benchmark models in terms of their robustness and the dependence of the classification performance on the size of training data.",2020,POSITIVE,
2020.conll-1.33,hawkins-etal-2020-continual,1,Continual Adaptation for Efficient Machine Communication,"To communicate with new partners in new contexts, humans rapidly form new linguistic conventions. Recent neural language models are able to comprehend and produce the existing conventions present in their training data, but are not able to flexibly and interactively adapt those conventions on the fly as humans do. We introduce an interactive repeated reference task as a benchmark for models of adaptation in communication and propose a regularized continual learning framework that allows an artificial agent initialized with a generic language model to more accurately and efficiently communicate with a partner over time. We evaluate this framework through simulations on COCO and in real-time reference game experiments with human partners.",2020,NEGATIVE,
2020.emnlp-main.484,liang-etal-2020-xglue,1,"XGLUE: A New Benchmark Dataset for Cross-lingual Pre-training, Understanding and Generation","In this paper, we introduce XGLUE, a new benchmark dataset to train large-scale cross-lingual pre-trained models using multilingual and bilingual corpora, and evaluate their performance across a diverse set of cross-lingual tasks. Comparing to GLUE (Wang et al.,2019), which is labeled in English and includes natural language understanding tasks only, XGLUE has three main advantages: (1) it provides two corpora with different sizes for cross-lingual pre-training; (2) it provides 11 diversified tasks that cover both natural language understanding and generation scenarios; (3) for each task, it provides labeled data in multiple languages. We extend a recent cross-lingual pre-trained model Unicoder (Huang et al., 2019) to cover both understanding and generation tasks, which is evaluated on XGLUE as a strong baseline. We also evaluate the base versions (12-layer) of Multilingual BERT, XLM and XLM-R for comparison.",2020,UNSURE,Cross-lingual benchmark combining NLU classification tasks and NLG tasks
2020.emnlp-main.528,chen-etal-2020-mocha,1,MOCHA: A Dataset for Training and Evaluating Generative Reading Comprehension Metrics,"Posing reading comprehension as a generation problem provides a great deal of flexibility, allowing for open-ended questions with few restrictions on possible answers. However, progress is impeded by existing generation metrics, which rely on token overlap and are agnostic to the nuances of reading comprehension. To address this, we introduce a benchmark for training and evaluating generative reading comprehension metrics: MOdeling Correctness with Human Annotations. MOCHA contains 40K human judgement scores on model outputs from 6 diverse question answering datasets and an additional set of minimal pairs for evaluation. Using MOCHA, we train a Learned Evaluation metric for Reading Comprehension, LERC, to mimic human judgement scores. LERC outperforms baseline metrics by 10 to 36 absolute Pearson points on held-out annotations. When we evaluate robustness on minimal pairs, LERC achieves 80% accuracy, outperforming baselines by 14 to 26 absolute percentage points while leaving significant room for improvement. MOCHA presents a challenging problem for developing accurate and robust generative reading comprehension metrics.",2020,NEGATIVE,
2020.emnlp-main.742,huang-etal-2020-grade,1,GRADE: Automatic Graph-Enhanced Coherence Metric for Evaluating Open-Domain Dialogue Systems,"Automatically evaluating dialogue coherence is a challenging but high-demand ability for developing high-quality open-domain dialogue systems. However, current evaluation metrics consider only surface features or utterance-level semantics, without explicitly considering the fine-grained topic transition dynamics of dialogue flows. Here, we first consider that the graph structure constituted with topics in a dialogue can accurately depict the underlying communication logic, which is a more natural way to produce persuasive metrics. Capitalized on the topic-level dialogue graph, we propose a new evaluation metric GRADE, which stands for Graph-enhanced Representations for Automatic Dialogue Evaluation. Specifically, GRADE incorporates both coarse-grained utterance-level contextualized representations and fine-grained topic-level graph representations to evaluate dialogue coherence. The graph representations are obtained by reasoning over topic-level dialogue graphs enhanced with the evidence from a commonsense graph, including k-hop neighboring representations and hop-attention weights. Experimental results show that our GRADE significantly outperforms other state-of-the-art metrics on measuring diverse dialogue models in terms of the Pearson and Spearman correlations with human judgments. Besides, we release a new large-scale human evaluation benchmark to facilitate future research on automatic metrics.",2020,NEGATIVE,
2020.wmt-1.2,barrault-etal-2020-findings-first,1,Findings of the First Shared Task on Lifelong Learning Machine Translation,"A lifelong learning system can adapt to new data without forgetting previously acquired knowledge. In this paper, we introduce the first benchmark for lifelong learning machine translation. For this purpose, we provide training, lifelong and test data sets for two language pairs: English-German and English-French. Additionally, we report the results of our baseline systems, which we make available to the public. The goal of this shared task is to encourage research on the emerging topic of lifelong learning machine translation.",2020,NEGATIVE,
2020.wmt-1.102,sellam-etal-2020-learning,1,Learning to Evaluate Translation Beyond English: BLEURT Submissions to the WMT Metrics 2020 Shared Task,"The quality of machine translation systems has dramatically improved over the last decade, and as a result, evaluation has become an increasingly challenging problem. This paper describes our contribution to the WMT 2020 Metrics Shared Task, the main benchmark for automatic evaluation of translation. We make several submissions based on BLEURT, a previously published which uses transfer learning. We extend the metric beyond English and evaluate it on 14 language pairs for which fine-tuning data is available, as well as 4 “zero-shot” language pairs, for which we have no labelled examples. Additionally, we focus on English to German and demonstrate how to combine BLEURT’s predictions with those of YiSi and use alternative reference translations to enhance the performance. Empirical results show that the models achieve competitive results on the WMT Metrics 2019 Shared Task, indicating their promise for the 2020 edition.",2020,NEGATIVE,
2021.acl-long.186,potts-etal-2021-dynasent,1,DynaSent: A Dynamic Benchmark for Sentiment Analysis,"We introduce DynaSent (‘Dynamic Sentiment’), a new English-language benchmark task for ternary (positive/negative/neutral) sentiment analysis. DynaSent combines naturally occurring sentences with sentences created using the open-source Dynabench Platform, which facilities human-and-model-in-the-loop dataset creation. DynaSent has a total of 121,634 sentences, each validated by five crowdworkers, and its development and test splits are designed to produce chance performance for even the best models we have been able to develop; when future models solve this task, we will use them to create DynaSent version 2, continuing the dynamic evolution of this benchmark. Here, we report on the dataset creation effort, focusing on the steps we took to increase quality and reduce artifacts. We also present evidence that DynaSent’s Neutral category is more coherent than the comparable category in other benchmarks, and we motivate training models from scratch for each round over successive fine-tuning.",2021,POSITIVE,
2021.acl-long.195,gan-etal-2021-towards,1,Towards Robustness of Text-to-SQL Models against Synonym Substitution,"Recently, there has been significant progress in studying neural networks to translate text descriptions into SQL queries. Despite achieving good performance on some public benchmarks, existing text-to-SQL models typically rely on the lexical matching between words in natural language (NL) questions and tokens in table schemas, which may render the models vulnerable to attacks that break the schema linking mechanism. In this work, we investigate the robustness of text-to-SQL models to synonym substitution. In particular, we introduce Spider-Syn, a human-curated dataset based on the Spider benchmark for text-to-SQL translation. NL questions in Spider-Syn are modified from Spider, by replacing their schema-related words with manually selected synonyms that reflect real-world question paraphrases. We observe that the accuracy dramatically drops by eliminating such explicit correspondence between NL questions and table schemas, even if the synonyms are not adversarially selected to conduct worst-case attacks. Finally, we present two categories of approaches to improve the model robustness. The first category of approaches utilizes additional synonym annotations for table schemas by modifying the model input, while the second category is based on adversarial training. We demonstrate that both categories of approaches significantly outperform their counterparts without the defense, and the first category of approaches are more effective.",2021,NEGATIVE,
2021.acl-long.270,wu-etal-2021-novel,1,Novel Slot Detection: A Benchmark for Discovering Unknown Slot Types in the Task-Oriented Dialogue System,"Existing slot filling models can only recognize pre-defined in-domain slot types from a limited slot set. In the practical application, a reliable dialogue system should know what it does not know. In this paper, we introduce a new task, Novel Slot Detection (NSD), in the task-oriented dialogue system. NSD aims to discover unknown or out-of-domain slot types to strengthen the capability of a dialogue system based on in-domain training data. Besides, we construct two public NSD datasets, propose several strong NSD baselines, and establish a benchmark for future work. Finally, we conduct exhaustive experiments and qualitative analysis to comprehend key challenges and provide new guidance for future directions.",2021,NEGATIVE,
2021.acl-long.341,peng-etal-2021-raddle,1,RADDLE: An Evaluation Benchmark and Analysis Platform for Robust Task-oriented Dialog Systems,"For task-oriented dialog systems to be maximally useful, it must be able to process conversations in a way that is (1) generalizable with a small number of training examples for new task domains, and (2) robust to user input in various styles, modalities, or domains. In pursuit of these goals, we introduce the RADDLE benchmark, a collection of corpora and tools for evaluating the performance of models across a diverse set of domains. By including tasks with limited training data, RADDLE is designed to favor and encourage models with a strong generalization ability. RADDLE also includes a diagnostic checklist that facilitates detailed robustness analysis in aspects such as language variations, speech errors, unseen entities, and out-of-domain utterances. We evaluate recent state-of-the-art systems based on pre-training and fine-tuning, and find that grounded pre-training on heterogeneous dialog corpora performs better than training a separate model per domain. Adversarial training is also proposed to improve model robustness against noisy inputs. Overall, existing models are less than satisfactory in robustness evaluation, which suggests opportunities for future improvement.",2021,NEGATIVE,
2021.acl-long.345,chen-etal-2021-evaluating,1,Evaluating Entity Disambiguation and the Role of Popularity in Retrieval-Based NLP,"Retrieval is a core component for open-domain NLP tasks. In open-domain tasks, multiple entities can share a name, making disambiguation an inherent yet under-explored problem. We propose an evaluation benchmark for assessing the entity disambiguation capabilities of these retrievers, which we call Ambiguous Entity Retrieval (AmbER) sets. We define an AmbER set as a collection of entities that share a name along with queries about those entities. By covering the set of entities for polysemous names, AmbER sets act as a challenging test of entity disambiguation. We create AmbER sets for three popular open-domain tasks: fact checking, slot filling, and question answering, and evaluate a diverse set of retrievers. We find that the retrievers exhibit popularity bias, significantly under-performing on rarer entities that share a name, e.g., they are twice as likely to retrieve erroneous documents on queries for the less popular entity under the same name. These experiments on AmbER sets show their utility as an evaluation tool and highlight the weaknesses of popular retrieval systems.",2021,NEGATIVE,
2021.acl-long.452,gong-etal-2021-depth,1,An In-depth Study on Internal Structure of Chinese Words,"Unlike English letters, Chinese characters have rich and specific meanings. Usually, the meaning of a word can be derived from its constituent characters in some way. Several previous works on syntactic parsing propose to annotate shallow word-internal structures for better utilizing character-level information. This work proposes to model the deep internal structures of Chinese words as dependency trees with 11 labels for distinguishing syntactic relationships. First, based on newly compiled annotation guidelines, we manually annotate a word-internal structure treebank (WIST) consisting of over 30K multi-char words from Chinese Penn Treebank. To guarantee quality, each word is independently annotated by two annotators and inconsistencies are handled by a third senior annotator. Second, we present detailed and interesting analysis on WIST to reveal insights on Chinese word formation. Third, we propose word-internal structure parsing as a new task, and conduct benchmark experiments using a competitive dependency parser. Finally, we present two simple ways to encode word-internal structures, leading to promising gains on the sentence-level syntactic parsing task.",2021,NEGATIVE,
2021.acl-long.461,liu-etal-2021-multi-perspective,1,Multi-perspective Coherent Reasoning for Helpfulness Prediction of Multimodal Reviews,"As more and more product reviews are posted in both text and images, Multimodal Review Analysis (MRA) becomes an attractive research topic. Among the existing review analysis tasks, helpfulness prediction on review text has become predominant due to its importance for e-commerce platforms and online shops, i.e. helping customers quickly acquire useful product information. This paper proposes a new task Multimodal Review Helpfulness Prediction (MRHP) aiming to analyze the review helpfulness from text and visual modalities. Meanwhile, a novel Multi-perspective Coherent Reasoning method (MCR) is proposed to solve the MRHP task, which conducts joint reasoning over texts and images from both the product and the review, and aggregates the signals to predict the review helpfulness. Concretely, we first propose a product-review coherent reasoning module to measure the intra- and inter-modal coherence between the target product and the review. In addition, we also devise an intra-review coherent reasoning module to identify the coherence between the text content and images of the review, which is a piece of strong evidence for review helpfulness prediction. To evaluate the effectiveness of MCR, we present two newly collected multimodal review datasets as benchmark evaluation resources for the MRHP task. Experimental results show that our MCR method can lead to a performance increase of up to 8.5% as compared to the best performing text-only model. The source code and datasets can be obtained from https://github.com/jhliu17/MCR.",2021,NEGATIVE,
2021.acl-long.469,he-etal-2021-tgea,1,TGEA: An Error-Annotated Dataset and Benchmark Tasks for TextGeneration from Pretrained Language Models,"In order to deeply understand the capability of pretrained language models in text generation and conduct a diagnostic evaluation, we propose TGEA, an error-annotated dataset with multiple benchmark tasks for text generation from pretrained language models (PLMs). We use carefully selected prompt words to guide GPT-2 to generate candidate sentences, from which we select 47K for error annotation. Crowdsourced workers manually check each of these sentences and detect 12k erroneous sentences. We create an error taxonomy to cover 24 types of errors occurring in these erroneous sentences according to the nature of errors with respect to linguistics and knowledge (e.g., common sense). For each erroneous span in PLM-generated sentences, we also detect another span that is closely associated with it. Each error is hence manually labeled with comprehensive annotations, including the span of the error, the associated span, minimal correction to the error, the type of the error, and rationale behind the error. Apart from the fully annotated dataset, we also present a detailed description of the data collection procedure, statistics and analysis of the dataset. This is the first dataset with comprehensive annotations for PLM-generated texts, which facilitates the diagnostic evaluation of PLM-based text generation. Furthermore, we use TGEA as a benchmark dataset and propose a series of automatic diagnosis tasks, including error detection, error type classification, associated span detection, error rationale generation, to further promote future study on the automatic error detection and correction on texts generated by pretrained language models.",2021,NEGATIVE,
2021.acl-long.500,guan-etal-2021-openmeva,1,OpenMEVA: A Benchmark for Evaluating Open-ended Story Generation Metrics,"Automatic metrics are essential for developing natural language generation (NLG) models, particularly for open-ended language generation tasks such as story generation. However, existing automatic metrics are observed to correlate poorly with human evaluation. The lack of standardized benchmark datasets makes it difficult to fully evaluate the capabilities of a metric and fairly compare different metrics. Therefore, we propose OpenMEVA, a benchmark for evaluating open-ended story generation metrics. OpenMEVA provides a comprehensive test suite to assess the capabilities of metrics, including (a) the correlation with human judgments, (b) the generalization to different model outputs and datasets, (c) the ability to judge story coherence, and (d) the robustness to perturbations. To this end, OpenMEVA includes both manually annotated stories and auto-constructed test examples. We evaluate existing metrics on OpenMEVA and observe that they have poor correlation with human judgments, fail to recognize discourse-level incoherence, and lack inferential knowledge (e.g., causal order between events), the generalization ability and robustness. Our study presents insights for developing NLG models and metrics in further research.",2021,NEGATIVE,
2021.acl-long.523,wu-etal-2021-polyjuice,0,"Polyjuice: Generating Counterfactuals for Explaining, Evaluating, and Improving Models","While counterfactual examples are useful for analysis and training of NLP models, current generation methods either rely on manual labor to create very few counterfactuals, or only instantiate limited types of perturbations such as paraphrases or word substitutions. We present Polyjuice, a general-purpose counterfactual generator that allows for control over perturbation types and locations, trained by finetuning GPT-2 on multiple datasets of paired sentences. We show that Polyjuice produces diverse sets of realistic counterfactuals, which in turn are useful in various distinct applications: improving training and evaluation on three different tasks (with around 70% less annotation effort than manual generation), augmenting state-of-the-art explanation techniques, and supporting systematic counterfactual error analysis by revealing behaviors easily missed by human experts.",2021,NEGATIVE,
2021.acl-long.524,stowe-etal-2021-metaphor,0,Metaphor Generation with Conceptual Mappings,"Generating metaphors is a difficult task as it requires understanding nuanced relationships between abstract concepts. In this paper, we aim to generate a metaphoric sentence given a literal expression by replacing relevant verbs. Guided by conceptual metaphor theory, we propose to control the generation process by encoding conceptual mappings between cognitive domains to generate meaningful metaphoric expressions. To achieve this, we develop two methods: 1) using FrameNet-based embeddings to learn mappings between domains and applying them at the lexical level (CM-Lex), and 2) deriving source/target pairs to train a controlled seq-to-seq generation model (CM-BART). We assess our methods through automatic and human evaluation for basic metaphoricity and conceptual metaphor presence. We show that the unsupervised CM-Lex model is competitive with recent deep learning metaphor generation systems, and CM-BART outperforms all other models both in automatic and human evaluations.",2021,NEGATIVE,
2021.acl-long.525,kulkarni-etal-2021-learning,0,Learning Latent Structures for Cross Action Phrase Relations in Wet Lab Protocols,"Wet laboratory protocols (WLPs) are critical for conveying reproducible procedures in biological research. They are composed of instructions written in natural language describing the step-wise processing of materials by specific actions. This process flow description for reagents and materials synthesis in WLPs can be captured by material state transfer graphs (MSTGs), which encode global temporal and causal relationships between actions. Here, we propose methods to automatically generate a MSTG for a given protocol by extracting all action relationships across multiple sentences. We also note that previous corpora and methods focused primarily on local intra-sentence relationships between actions and entities and did not address two critical issues: (i) resolution of implicit arguments and (ii) establishing long-range dependencies across sentences. We propose a new model that incrementally learns latent structures and is better suited to resolving inter-sentence relations and implicit arguments. This model draws upon a new corpus WLP-MSTG which was created by extending annotations in the WLP corpora for inter-sentence relations and implicit arguments. Our model achieves an F1 score of 54.53% for temporal and causal relations in protocols from our corpus, which is a significant improvement over previous models - DyGIE++:28.17%; spERT:27.81%. We make our annotated WLP-MSTG corpus available to the research community.",2021,NEGATIVE,
2021.acl-long.551,abdul-mageed-etal-2021-arbert,1,ARBERT & MARBERT: Deep Bidirectional Transformers for Arabic,"Pre-trained language models (LMs) are currently integral to many natural language processing systems. Although multilingual LMs were also introduced to serve many languages, these have limitations such as being costly at inference time and the size and diversity of non-English data involved in their pre-training. We remedy these issues for a collection of diverse Arabic varieties by introducing two powerful deep bidirectional transformer-based models, ARBERT and MARBERT. To evaluate our models, we also introduce ARLUE, a new benchmark for multi-dialectal Arabic language understanding evaluation. ARLUE is built using 42 datasets targeting six different task clusters, allowing us to offer a series of standardized experiments under rich conditions. When fine-tuned on ARLUE, our models collectively achieve new state-of-the-art results across the majority of tasks (37 out of 48 classification tasks, on the 42 datasets). Our best model acquires the highest ARLUE score (77.40) across all six task clusters, outperforming all other models including XLM-R Large ( 3.4x larger size). Our models are publicly available at https://github.com/UBC-NLP/marbert and ARLUE will be released through the same repository.",2021,NEGATIVE,
2021.acl-short.86,gupta-srikumar-2021-x,1,X-Fact: A New Benchmark Dataset for Multilingual Fact Checking,"In this work, we introduce : the largest publicly available multilingual dataset for factual verification of naturally existing real-world claims. The dataset contains short statements in 25 languages and is labeled for veracity by expert fact-checkers. The dataset includes a multilingual evaluation benchmark that measures both out-of-domain generalization, and zero-shot capabilities of the multilingual models. Using state-of-the-art multilingual transformer-based models, we develop several automated fact-checking models that, along with textual claims, make use of additional metadata and evidence from news stories retrieved using a search engine. Empirically, our best model attains an F-score of around 40%, suggesting that our dataset is a challenging benchmark for the evaluation of multilingual fact-checking models.",2021,POSITIVE,
2021.acl-demo.7,zhao-etal-2021-neurst,0,NeurST: Neural Speech Translation Toolkit,"NeurST is an open-source toolkit for neural speech translation. The toolkit mainly focuses on end-to-end speech translation, which is easy to use, modify, and extend to advanced speech translation research and products. NeurST aims at facilitating the speech translation research for NLP researchers and building reliable benchmarks for this field. It provides step-by-step recipes for feature extraction, data preprocessing, distributed training, and evaluation. In this paper, we will introduce the framework design of NeurST and show experimental results for different benchmark datasets, which can be regarded as reliable baselines for future research. The toolkit is publicly available at https://github.com/bytedance/neurst and we will continuously update the performance of with other counterparts and studies at https://st-benchmark.github.io/.",2021,NEGATIVE,
2021.eacl-main.140,breit-etal-2021-wic,1,WiC-TSV: An Evaluation Benchmark for Target Sense Verification of Words in Context,"We present WiC-TSV, a new multi-domain evaluation benchmark for Word Sense Disambiguation. More specifically, we introduce a framework for Target Sense Verification of Words in Context which grounds its uniqueness in the formulation as binary classification task thus being independent of external sense inventories, and the coverage of various domains. This makes the dataset highly flexible for the evaluation of a diverse set of models and systems in and across domains. WiC-TSV provides three different evaluation settings, depending on the input signals provided to the model. We set baseline performance on the dataset using state-of-the-art language models. Experimental results show that even though these models can perform decently on the task, there remains a gap between machine and human performance, especially in out-of-domain settings. WiC-TSV data is available at https://competitions.codalab.org/competitions/23683.",2021,POSITIVE,
2021.eacl-main.242,xiang-etal-2021-climp,1,CLiMP: A Benchmark for Chinese Language Model Evaluation,"Linguistically informed analyses of language models (LMs) contribute to the understanding and improvement of such models. Here, we introduce the corpus of Chinese linguistic minimal pairs (CLiMP) to investigate what knowledge Chinese LMs acquire. CLiMP consists of sets of 1000 minimal pairs (MPs) for 16 syntactic contrasts in Chinese, covering 9 major Chinese linguistic phenomena. The MPs are semi-automatically generated, and human agreement with the labels in CLiMP is 95.8%. We evaluate 11 different LMs on CLiMP, covering n-grams, LSTMs, and Chinese BERT. We find that classifier–noun agreement and verb complement selection are the phenomena that models generally perform best at. However, models struggle the most with the ba construction, binding, and filler-gap dependencies. Overall, Chinese BERT achieves an 81.8% average accuracy, while the performances of LSTMs and 5-grams are only moderately above chance level.",2021,NEGATIVE,
2021.eacl-main.257,li-etal-2021-mtop,1,MTOP: A Comprehensive Multilingual Task-Oriented Semantic Parsing Benchmark,"Scaling semantic parsing models for task-oriented dialog systems to new languages is often expensive and time-consuming due to the lack of available datasets. Available datasets suffer from several shortcomings: a) they contain few languages b) they contain small amounts of labeled examples per language c) they are based on the simple intent and slot detection paradigm for non-compositional queries. In this paper, we present a new multilingual dataset, called MTOP, comprising of 100k annotated utterances in 6 languages across 11 domains. We use this dataset and other publicly available datasets to conduct a comprehensive benchmarking study on using various state-of-the-art multilingual pre-trained models for task-oriented semantic parsing. We achieve an average improvement of +6.3 points on Slot F1 for the two existing multilingual datasets, over best results reported in their experiments. Furthermore, we demonstrate strong zero-shot performance using pre-trained models combined with automatic translation and alignment, and a proposed distant supervision method to reduce the noise in slot label projection.",2021,NEGATIVE,
2021.wmt-1.69,alam-etal-2021-findings,1,Findings of the WMT Shared Task on Machine Translation Using Terminologies,"Language domains that require very careful use of terminology are abundant and reflect a significant part of the translation industry. In this work we introduce a benchmark for evaluating the quality and consistency of terminology translation, focusing on the medical (and COVID-19 specifically) domain for five language pairs: English to French, Chinese, Russian, and Korean, as well as Czech to German. We report the descriptions and results of the participating systems, commenting on the need for further research efforts towards both more adequate handling of terminologies as well as towards a proper formulation and evaluation of the task.",2021,NEGATIVE,
2022.aacl-main.29,gao-etal-2022-prediction,1,Prediction of People’s Emotional Response towards Multi-modal News,"We aim to develop methods for understanding how multimedia news exposure can affect people’s emotional responses, and we especially focus on news content related to gun violence, a very important yet polarizing issue in the U.S. We created the dataset NEmo+ by significantly extending the U.S. gun violence news-to-emotions dataset, BU-NEmo, from 320 to 1,297 news headline and lead image pairings and collecting 38,910 annotations in a large crowdsourcing experiment. In curating the NEmo+ dataset, we developed methods to identify news items that will trigger similar versus divergent emotional responses. For news items that trigger similar emotional responses, we compiled them into the NEmo+-Consensus dataset. We benchmark models on this dataset that predict a person’s dominant emotional response toward the target news item (single-label prediction). On the full NEmo+ dataset, containing news items that would lead to both differing and similar emotional responses, we also benchmark models for the novel task of predicting the distribution of evoked emotional responses in humans when presented with multi-modal news content. Our single-label and multi-label prediction models outperform baselines by large margins across several metrics.",2022,POSITIVE,
2022.aacl-short.34,timilsina-etal-2022-nepberta,1,NepBERTa: Nepali Language Model Trained in a Large Corpus,"Nepali is a low-resource language with more than 40 million speakers worldwide. It is written in Devnagari script and has rich semantics and complex grammatical structure. To this date, multilingual models such as Multilingual BERT, XLM and XLM-RoBERTa haven’t been able to achieve promising results in Nepali NLP tasks, and there does not exist any such a large-scale monolingual corpus. This study presents NepBERTa, a BERT-based Natural Language Understanding (NLU) model trained on the most extensive monolingual Nepali corpus ever. We collected a dataset of 0.8B words from 36 different popular news sites in Nepal and introduced the model. This data set is 3 folds times larger than the previous publicly available corpus. We evaluated the performance of NepBERTa in multiple Nepali-specific NLP tasks, including Named-Entity Recognition, Content Classification, POS Tagging, and Sequence Pair Similarity. We also introduce two different datasets for two new downstream tasks and benchmark four diverse NLU tasks altogether. We bring all these four tasks under the first-ever Nepali Language Understanding Evaluation (Nep-gLUE) benchmark. We will make Nep-gLUE along with the pre-trained model and data sets publicly available for research.",2022,NEGATIVE,
2022.aacl-short.46,comsa-etal-2022-miqa,1,MiQA: A Benchmark for Inference on Metaphorical Questions,"We propose a benchmark to assess the capability of large language models to reason with conventional metaphors. Our benchmark combines the previously isolated topics of metaphor detection and commonsense reasoning into a single task that requires a model to make inferences by accurately selecting between the literal and metaphorical register. We examine the performance of state-of-the-art pre-trained models on binary-choice tasks and find a large discrepancy between the performance of small and very large models, going from chance to near-human level. We also analyse the largest model in a generative setting and find that although human performance is approached, careful multiple-shot prompting is required.",2022,NEGATIVE,
2022.acl-long.246,mishra-etal-2022-numglue,1,NumGLUE: A Suite of Fundamental yet Challenging Mathematical Reasoning Tasks,"Given the ubiquitous nature of numbers in text, reasoning with numbers to perform simple calculations is an important skill of AI systems. While many datasets and models have been developed to this end, state-of-the-art AI systems are brittle; failing to perform the underlying mathematical reasoning when they appear in a slightly different scenario. Drawing inspiration from GLUE that was proposed in the context of natural language understanding, we propose NumGLUE, a multi-task benchmark that evaluates the performance of AI systems on eight different tasks, that at their core require simple arithmetic understanding. We show that this benchmark is far from being solved with neural models including state-of-the-art large-scale language models performing significantly worse than humans (lower by 46.4 %). Further, NumGLUE promotes sharing knowledge across tasks, especially those with limited training data as evidenced by the superior performance (average gain of 3.4 % on each task) when a model is jointly trained on all the tasks as opposed to task-specific modeling. Finally, we hope that NumGLUE will encourage systems that perform robust and general arithmetic reasoning within language, a first step towards being able to perform more complex mathematical reasoning.",2022,NEGATIVE,
2022.acl-long.257,ziems-etal-2022-inducing,1,Inducing Positive Perspectives with Text Reframing,"Sentiment transfer is one popular example of a text style transfer task, where the goal is to reverse the sentiment polarity of a text. With a sentiment reversal comes also a reversal in meaning. We introduce a different but related task called positive reframing in which we neutralize a negative point of view and generate a more positive perspective for the author without contradicting the original meaning. Our insistence on meaning preservation makes positive reframing a challenging and semantically rich task. To facilitate rapid progress, we introduce a large-scale benchmark, Positive Psychology Frames, with 8,349 sentence pairs and 12,755 structured annotations to explain positive reframing in terms of six theoretically-motivated reframing strategies. Then we evaluate a set of state-of-the-art text style transfer models, and conclude by discussing key challenges and directions for future work.",2022,NEGATIVE,
2022.acl-long.258,ziems-etal-2022-value,1,VALUE: Understanding Dialect Disparity in NLU,"English Natural Language Understanding (NLU) systems have achieved great performances and even outperformed humans on benchmarks like GLUE and SuperGLUE. However, these benchmarks contain only textbook Standard American English (SAE). Other dialects have been largely overlooked in the NLP community. This leads to biased and inequitable NLU systems that serve only a sub-population of speakers. To understand disparities in current models and to facilitate more dialect-competent NLU systems, we introduce the VernAcular Language Understanding Evaluation (VALUE) benchmark, a challenging variant of GLUE that we created with a set of lexical and morphosyntactic transformation rules. In this initial release (V.1), we construct rules for 11 features of African American Vernacular English (AAVE), and we recruit fluent AAVE speakers to validate each feature transformation via linguistic acceptability judgments in a participatory design manner. Experiments show that these new dialectal features can lead to a drop in model performance.",2022,UNSURE,Re-curates existing NLU classification benchmarks for dialect evaluation but focus is on dialect disparity not new classification tasks
2022.acl-long.297,chalkidis-etal-2022-lexglue,1,LexGLUE: A Benchmark Dataset for Legal Language Understanding in English,"Laws and their interpretations, legal arguments and agreements are typically expressed in writing, leading to the production of vast corpora of legal text. Their analysis, which is at the center of legal practice, becomes increasingly elaborate as these collections grow in size. Natural language understanding (NLU) technologies can be a valuable tool to support legal practitioners in these endeavors. Their usefulness, however, largely depends on whether current state-of-the-art models can generalize across various tasks in the legal domain. To answer this currently open question, we introduce the Legal General Language Understanding Evaluation (LexGLUE) benchmark, a collection of datasets for evaluating model performance across a diverse set of legal NLU tasks in a standardized way. We also provide an evaluation and analysis of several generic and legal-oriented models demonstrating that the latter consistently offer performance improvements across multiple tasks.",2022,UNSURE,Legal NLU multi-task benchmark (GLUE-style) likely includes classification among other task types
2022.acl-long.307,gashteovski-etal-2022-benchie,1,BenchIE: A Framework for Multi-Faceted Fact-Based Open Information Extraction Evaluation,"Intrinsic evaluations of OIE systems are carried out either manually—with human evaluators judging the correctness of extractions—or automatically, on standardized benchmarks. The latter, while much more cost-effective, is less reliable, primarily because of the incompleteness of the existing OIE benchmarks: the ground truth extractions do not include all acceptable variants of the same fact, leading to unreliable assessment of the models’ performance. Moreover, the existing OIE benchmarks are available for English only. In this work, we introduce BenchIE: a benchmark and evaluation framework for comprehensive evaluation of OIE systems for English, Chinese, and German. In contrast to existing OIE benchmarks, BenchIE is fact-based, i.e., it takes into account informational equivalence of extractions: our gold standard consists of fact synsets, clusters in which we exhaustively list all acceptable surface forms of the same fact. Moreover, having in mind common downstream applications for OIE, we make BenchIE multi-faceted; i.e., we create benchmark variants that focus on different facets of OIE evaluation, e.g., compactness or minimality of extractions. We benchmark several state-of-the-art OIE systems using BenchIE and demonstrate that these systems are significantly less effective than indicated by existing OIE benchmarks. We make BenchIE (data and evaluation code) publicly available.",2022,NEGATIVE,
2022.acl-long.451,menon-etal-2022-clues,1,CLUES: A Benchmark for Learning Classifiers using Natural Language Explanations,"Supervised learning has traditionally focused on inductive learning by observing labeled examples of a task. In contrast, a hallmark of human intelligence is the ability to learn new concepts purely from language. Here, we explore training zero-shot classifiers for structured data purely from language. For this, we introduce CLUES, a benchmark for Classifier Learning Using natural language ExplanationS, consisting of a range of classification tasks over structured data along with natural language supervision in the form of explanations. CLUES consists of 36 real-world and 144 synthetic classification tasks. It contains crowdsourced explanations describing real-world tasks from multiple teachers and programmatically generated explanations for the synthetic tasks. To model the influence of explanations in classifying an example, we develop ExEnt, an entailment-based model that learns classifiers using explanations. ExEnt generalizes up to 18% better (relative) on novel tasks than a baseline that does not use explanations. We delineate key challenges for automated learning from explanations, addressing which can lead to progress on CLUES in the future. Code and datasets are available at: https://clues-benchmark.github.io.",2022,POSITIVE,
2022.acl-long.511,sadat-caragea-2022-scinli,1,SciNLI: A Corpus for Natural Language Inference on Scientific Text,"Existing Natural Language Inference (NLI) datasets, while being instrumental in the advancement of Natural Language Understanding (NLU) research, are not related to scientific text. In this paper, we introduce SciNLI, a large dataset for NLI that captures the formality in scientific text and contains 107,412 sentence pairs extracted from scholarly papers on NLP and computational linguistics. Given that the text used in scientific literature differs vastly from the text used in everyday language both in terms of vocabulary and sentence structure, our dataset is well suited to serve as a benchmark for the evaluation of scientific NLU models. Our experiments show that SciNLI is harder to classify than the existing NLI datasets. Our best performing model with XLNet achieves a Macro F1 score of only 78.18% and an accuracy of 78.23% showing that there is substantial room for improvement.",2022,POSITIVE,
2022.acl-long.567,parcalabescu-etal-2022-valse,1,VALSE: A Task-Independent Benchmark for Vision and Language Models Centered on Linguistic Phenomena,"We propose VALSE (Vision And Language Structured Evaluation), a novel benchmark designed for testing general-purpose pretrained vision and language (V&L) models for their visio-linguistic grounding capabilities on specific linguistic phenomena. VALSE offers a suite of six tests covering various linguistic constructs. Solving these requires models to ground linguistic phenomena in the visual modality, allowing more fine-grained evaluations than hitherto possible. We build VALSE using methods that support the construction of valid foils, and report results from evaluating five widely-used V&L models. Our experiments suggest that current models have considerable difficulty addressing most phenomena. Hence, we expect VALSE to serve as an important benchmark to measure future progress of pretrained V&L models from a linguistic perspective, complementing the canonical task-centred V&L evaluations.",2022,NEGATIVE,
2022.acl-long.580,tsai-etal-2022-superb,1,SUPERB-SG: Enhanced Speech processing Universal PERformance Benchmark for Semantic and Generative Capabilities,"Transfer learning has proven to be crucial in advancing the state of speech and natural language processing research in recent years. In speech, a model pre-trained by self-supervised learning transfers remarkably well on multiple tasks. However, the lack of a consistent evaluation methodology is limiting towards a holistic understanding of the efficacy of such models. SUPERB was a step towards introducing a common benchmark to evaluate pre-trained models across various speech tasks. In this paper, we introduce SUPERB-SG, a new benchmark focusing on evaluating the semantic and generative capabilities of pre-trained models by increasing task diversity and difficulty over SUPERB. We use a lightweight methodology to test the robustness of representations learned by pre-trained models under shifts in data domain and quality across different types of tasks. It entails freezing pre-trained model parameters, only using simple task-specific trainable heads. The goal is to be inclusive of all researchers, and encourage efficient use of computational resources. We also show that the task diversity of SUPERB-SG coupled with limited task supervision is an effective recipe for evaluating the generalizability of model representation.",2022,NEGATIVE,
2022.acl-short.92,senel-etal-2022-coda21,1,CoDA21: Evaluating Language Understanding Capabilities of NLP Models With Context-Definition Alignment,"Pretrained language models (PLMs) have achieved superhuman performance on many benchmarks, creating a need for harder tasks. We introduce CoDA21 (Context Definition Alignment), a challenging benchmark that measures natural language understanding (NLU) capabilities of PLMs: Given a definition and a context each for k words, but not the words themselves, the task is to align the k definitions with the k contexts. CoDA21 requires a deep understanding of contexts and definitions, including complex inference and world knowledge. We find that there is a large gap between human and PLM performance, suggesting that CoDA21 measures an aspect of NLU that is not sufficiently covered in existing benchmarks.",2022,NEGATIVE,
2022.acl-short.95,bhartiya-etal-2022-dis,1,DiS-ReX: A Multilingual Dataset for Distantly Supervised Relation Extraction,"Our goal is to study the novel task of distant supervision for multilingual relation extraction (Multi DS-RE). Research in Multi DS-RE has remained limited due to the absence of a reliable benchmarking dataset. The only available dataset for this task, RELX-Distant (Köksal and Özgür, 2020), displays several unrealistic characteristics, leading to a systematic overestimation of model performance. To alleviate these concerns, we release a new benchmark dataset for the task, named DiS-ReX. We also modify the widely-used bag attention models using an mBERT encoder and provide the first baseline results on the proposed task. We show that DiS-ReX serves as a more challenging dataset than RELX-Distant, leaving ample room for future research in this domain.",2022,NEGATIVE,
2022.tacl-1.3,nan-etal-2022-fetaqa,1,FeTaQA: Free-form Table Question Answering,"Existing table question answering datasets contain abundant factual questions that primarily evaluate a QA system’s comprehension of query and tabular data. However, restricted by their short-form answers, these datasets fail to include question–answer interactions that represent more advanced and naturally occurring information needs: questions that ask for reasoning and integration of information pieces retrieved from a structured knowledge source. To complement the existing datasets and to reveal the challenging nature of the table-based question answering task, we introduce FeTaQA, a new dataset with 10K Wikipedia-based table, question, free-form answer, supporting table cells pairs. FeTaQA is collected from noteworthy descriptions of Wikipedia tables that contain information people tend to seek; generation of these descriptions requires advanced processing that humans perform on a daily basis: Understand the question and table, retrieve, integrate, infer, and conduct text planning and surface realization to generate an answer. We provide two benchmark methods for the proposed task: a pipeline method based on semantic parsing-based QA systems and an end-to-end method based on large pretrained text generation models, and show that FeTaQA poses a challenge for both methods.",2022,NEGATIVE,
2023.acl-long.898,lu-etal-2023-facilitating,1,"Facilitating Fine-grained Detection of Chinese Toxic Language: Hierarchical Taxonomy, Resources, and Benchmarks","The widespread dissemination of toxic online posts is increasingly damaging to society. However, research on detecting toxic language in Chinese has lagged significantly due to limited datasets. Existing datasets suffer from a lack of fine-grained annotations, such as the toxic type and expressions with indirect toxicity. These fine-grained annotations are crucial factors for accurately detecting the toxicity of posts involved with lexical knowledge, which has been a challenge for researchers. To tackle this problem, we facilitate the fine-grained detection of Chinese toxic language by building a new dataset with benchmark results. First, we devised Monitor Toxic Frame, a hierarchical taxonomy to analyze the toxic type and expressions. Then, we built a fine-grained dataset ToxiCN, including both direct and indirect toxic samples. ToxiCN is based on an insulting vocabulary containing implicit profanity. We further propose a benchmark model, Toxic Knowledge Enhancement (TKE), by incorporating lexical features to detect toxic language. We demonstrate the usability of ToxiCN and the effectiveness of TKE based on a systematic quantitative and qualitative analysis.",2023,POSITIVE,
2023.acl-short.16,li-etal-2023-hipool,1,HiPool: Modeling Long Documents Using Graph Neural Networks,"Encoding long sequences in Natural Language Processing (NLP) is a challenging problem. Though recent pretraining language models achieve satisfying performances in many NLP tasks, they are still restricted by a pre-defined maximum length, making them challenging to be extended to longer sequences. So some recent works utilize hierarchies to model long sequences. However, most of them apply sequential models for upper hierarchies, suffering from long dependency issues. In this paper, we alleviate these issues through a graph-based method. We first chunk the sequence with a fixed length to model the sentence-level information. We then leverage graphs to model intra- and cross-sentence correlations with a new attention mechanism. Additionally, due to limited standard benchmarks for long document classification (LDC), we propose a new challenging benchmark, totaling six datasets with up to 53k samples and 4034 average tokens’ length. Evaluation shows our model surpasses competitive baselines by 2.6% in F1 score, and 4.8% on the longest sequence dataset. Our method is shown to outperform hierarchical sequential models with better performance and scalability, especially for longer sequences.",2023,NEGATIVE,
2023.acl-short.31,chi-etal-2023-plue,1,PLUE: Language Understanding Evaluation Benchmark for Privacy Policies in English,"Privacy policies provide individuals with information about their rights and how their personal information is handled. Natural language understanding (NLU) technologies can support individuals and practitioners to understand better privacy practices described in lengthy and complex documents. However, existing efforts that use NLU technologies are limited by processing the language in a way exclusive to a single task focusing on certain privacy practices. To this end, we introduce the Privacy Policy Language Understanding Evaluation (PLUE) benchmark, a multi-task benchmark for evaluating the privacy policy language understanding across various tasks. We also collect a large corpus of privacy policies to enable privacy policy domain-specific language model pre-training. We evaluate several generic pre-trained language models and continue pre-training them on the collected corpus. We demonstrate that domain-specific continual pre-training offers performance improvements across all tasks. The code and models are released at https://github.com/JFChi/PLUE.",2023,UNSURE,"Privacy policy NLU benchmark with multiple task types, likely includes classification among other NLU tasks"
2023.acl-short.68,yadav-etal-2023-exploring,1,Exploring Continual Learning for Code Generation Models,"Large-scale code generation models such as Copilot and CodeT5 have achieved impressive performance. However, libraries are upgraded or deprecated very frequently and re-training large-scale language models is computationally expensive. Therefore, Continual Learning (CL) is an important aspect that remains under-explored in the code domain. In this paper, we introduce a benchmark called CodeTask-CL that covers a wide range of tasks, including code generation, translation, summarization, and refinement, with different input and output programming languages. Next, on our CodeTask-CL benchmark, we compare popular CL techniques from NLP and Vision domains. We find that effective methods like Prompt Pooling (PP) suffer from catastrophic forgetting due to the unstable training of the prompt selection mechanism caused by stark distribution shifts in coding tasks. We address this issue with our proposed method, Prompt Pooling with Teacher Forcing (PP-TF), that stabilizes training by enforcing constraints on the prompt selection mechanism and leads to a 21.54% improvement over Prompt Pooling. Along with the benchmark, we establish a training pipeline that can be used for CL on code models, which we believe can motivate further development of CL methods for code models.",2023,NEGATIVE,
2023.acl-short.164,ai-etal-2023-tecs,1,TeCS: A Dataset and Benchmark for Tense Consistency of Machine Translation,"Tense inconsistency frequently occurs in machine translation. However, there are few criteria to assess the model’s mastery of tense prediction from a linguistic perspective. In this paper, we present a parallel tense test set, containing French-English 552 utterances. We also introduce a corresponding benchmark, tense prediction accuracy. With the tense test set and the benchmark, researchers are able to measure the tense consistency performance of machine translation systems for the first time.",2023,NEGATIVE,
2023.acl-srw.17,gao-emami-2023-turing,1,The Turing Quest: Can Transformers Make Good NPCs?,"In this paper, we study the viability of the deployment of language models towards non-playable character (NPC) scripts, by introducing a novel pipeline for the automatic construction of NPC scripts using Transformer-based believable scripts for a variety of game genres and specifications. In addition, we propose a self-diagnosis method inspired by previous work to develop language models, tailored specifically to desirable NPC qualities such as coherency, believability, and degree of repetition. Finally, we propose a new benchmark, called The Turing Quest, which we use to show that the pipeline, when applied to GPT-3, can generate for a variety of game genres and contexts, NPC scripts that can fool judges in thinking they have been written by humans. We believe that these findings can greatly benefit both the gaming industry and its global community of users, since many current games continue to base their NPCs on manually-curated scripts that are resource-demanding and may curb the immersiveness and enjoyment of the user.",2023,NEGATIVE,
2023.acl-industry.27,san-etal-2023-plate,1,PLAtE: A Large-scale Dataset for List Page Web Extraction,"Recently, neural models have been leveraged to significantly improve the performance of information extraction from semi-structured websites. However, a barrier for continued progress is the small number of datasets large enough to train these models. In this work, we introduce the PLAtE (Pages of Lists Attribute Extraction) benchmark dataset as a challenging new web extraction task. PLAtE focuses on shopping data, specifically extractions from product review pages with multiple items encompassing the tasks of: (1) finding product list segmentation boundaries and (2) extracting attributes for each product. PLAtE is composed of 52,898 items collected from 6,694 pages and 156,014 attributes, making it the first large-scale list page web extraction dataset. We use a multi-stage approach to collect and annotate the dataset and adapt three state-of-the-art web extraction models to the two tasks comparing their strengths and weaknesses both quantitatively and qualitatively.",2023,NEGATIVE,
2023.acl-industry.39,kim-etal-2023-chemical,1,Chemical Language Understanding Benchmark,"In this paper, we introduce the benchmark datasets named CLUB (Chemical Language Understanding Benchmark) to facilitate NLP research in the chemical industry. We have 4 datasets consisted of text and token classification tasks. As far as we have recognized, it is one of the first examples of chemical language understanding benchmark datasets consisted of tasks for both patent and literature articles provided by industrial organization. All the datasets are internally made by chemists from scratch. Finally, we evaluate the datasets on the various language models based on BERT and RoBERTa, and demonstrate the model performs better when the domain of the pretrained models are closer to chemistry domain. We provide baselines for our benchmark as 0.8054 in average, and we hope this benchmark is used by many researchers in both industry and academia.",2023,POSITIVE,
2024.naacl-long.39,ma-etal-2024-examination,1,An Examination of the Compositionality of Large Generative Vision-Language Models,"With the success of Large Language Models (LLMs), many Generative Vision-Language Models (GVLMs) have been constructed via multimodal instruction tuning. However, the performance of GVLMs in multimodal compositional reasoning remains under-explored. In this paper, we examine both the evaluation metrics ( VisualGPTScore, etc.) and current benchmarks for evaluating the compositionality of GVLMs. We identify the syntactical bias in current benchmarks, which is exploited by the linguistic capability of GVLMs. The bias renders VisualGPTScore an insufficient metric for assessing GVLMs. To combat this, we first introduce a **SyntaxBias Score**, leveraging LLMs to quantify such bias for mitigation. A challenging new task is subsequently added to evaluate the robustness of GVLMs against inherent inclination toward syntactical correctness. Using the bias-mitigated datasets and the new task, we propose a novel benchmark, namely **S**ynt**A**ctically **DE**-biased benchmark (SADE). Our study provides an unbiased benchmark for the compositionality of GVLMs, facilitating future research in this direction. Code and dataset are available at https://github.com/TeleeMa/SADE.",2024,NEGATIVE,
2024.naacl-long.82,boldt-mortensen-2024-xferbench,1,XferBench: a Data-Driven Benchmark for Emergent Language,"In this paper, we introduce a benchmark for evaluating the overall quality of emergent languages using data-driven methods. Specifically, we interpret the notion of the “quality” of an emergent language as its similarity to human language within a deep learning framework. We measure this by using the emergent language as pretraining data for a downstream NLP tasks in human language—the better the downstream performance, the better the emergent language. We implement this benchmark as an easy-to-use Python package that only requires a text file of utterances from the emergent language to be evaluated. Finally, we empirically test the benchmark’s validity using human, synthetic, and emergent language baselines.",2024,NEGATIVE,
2024.naacl-long.86,kovatchev-lease-2024-benchmark,1,Benchmark Transparency: Measuring the Impact of Data on Evaluation,"In this paper we present an exploratory research on quantifying the impact that data distribution has on the performance and evaluation of NLP models. We propose an automated framework that measures the data point distribution across 6 different dimensions: ambiguity, difficulty, discriminability, length, noise, and perplexity.We use disproportional stratified sampling to measure how much the data distribution affects absolute (Acc/F1) and relative (Rank) model performance. We experiment on 2 different datasets (SQUAD and MNLI) and test a total of 135 different models (125 on SQUAD and 10 on MNLI). We demonstrate that without explicit control of the data distribution, standard evaluation frameworks are inconsistent and unreliable. We find that the impact of the data is statistically significant and is often larger than the impact of changing the metric. In a second set of experiments, we demonstrate that the impact of data on evaluation is not just observable, but also predictable. We propose to use benchmark transparency as a method for comparing datasets and quantifying the similarity between them. We find that the “dataset similarity vector” can be used to predict how well a model generalizes out of distribution.",2024,NEGATIVE,
2025.emnlp-main.26,wei-etal-2025-ji2s,0,JI2S: Joint Influence‐Aware Instruction Data Selection for Efficient Fine‐Tuning,"Instruction tuning (IT) improves large language models (LLMs) by aligning their outputs with human instructions, but its success depends critically on training data quality, and datasets such as Alpaca often contain noisy or suboptimal examples that undermine fine‐tuning. Prior selection strategies score samples using general‐purpose LLMs (e.g., GPT), leveraging their strong language understanding yet introducing inherent biases that misalign with the target model’s behavior and yield unstable downstream performance. Influence‐based methods address this by estimating each example’s marginal contribution to overall performance, but they typically assume additive contributions and therefore overlook higher‐order interactions among samples. To overcome these limitations, we propose JI2S, a novel framework that jointly models both marginal and combinatorial influences within sample groups. Applying JI2S to select the top 1,000 most influential examples from Alpaca, we fine‐tune LLaMA2‐7B, Mistral‐7B, and LLaMA2‐13B and evaluate them on Open LLM Benchmarks, MT‐Bench, and GPT‐4–judged pairwise comparisons. Our experiments show that JI2S consistently outperforms full‐dataset training and strong baselines, highlighting the value of capturing joint influence for high‐quality instruction fine‐tuning. We provide our code in this GitHub repository.",2025,NEGATIVE,
2025.emnlp-main.97,wu-etal-2025-cache,0,Cache-of-Thought: Master-Apprentice Framework for Cost-Effective Vision Language Model Reasoning,"Vision Language Models (VLMs) have achieved remarkable success in a wide range of vision applications of increasing complexity and scales, yet choosing the right VLM model size involves a trade-off between response quality and cost. While smaller VLMs are cheaper to run, they typically produce responses only marginally better than random guessing on benchmarks such as MMMU. In this paper, we propose Cache of Thought (CoT), a master–apprentice framework for collaborative inference between large and small VLMs. CoT manages high-quality query results from large VLMs (master) in a cache, which are then selected via a novel multi-modal retrieval and in-context learning to aid the performance of small VLMs (apprentice). We extensively evaluate CoT on various widely-recognized and challenging general reasoning benchmarks, and show that CoT increases overall reasoning performance by up to 7.7% under the same budget, and specifically boosts the reasoning performance of apprentice VLMs by up to 36.6%. Our code is available at https://github.com/UIUC-MONET/Cache-of-Thoughts.",2025,NEGATIVE,
2025.emnlp-main.103,wang-etal-2025-direct-judgement,0,Direct Judgement Preference Optimization,"To meet the increasing need for timely and accurate evaluation of large language model (LLM) responses, training LLM-as-judges to evaluate and critique other model responses has emerged as a popular paradigm. However, existing judge models are largely trained with supervised finetuning (SFT) on small data scales to perform limited types of evaluation tasks, fundamentally limiting generalization.To meet the need for strong, generalized judge models, we explore training foundational judge models at large data scales (680K) with direct preference optimization (DPO). Using four training tasks, we form three types of DPO preference pairs targeting different aspects of evaluation: Generating meaningful critiques, making accurate judgements, and understanding what comprises good and bad responses. To demonstrate the effectiveness of our method, we train judge models of three sizes: 8B parameters, 12B, and 70B, and evaluate on a comprehensive suite of 13 benchmarks (7 pairwise, 4 single rating, and 2 classification). Our models achieve the best aggregate performance, with even our 8B model outperforming GPT-4o in pairwise benchmarks. Further analysis shows that our judge models produce factual and actionable critiques and serve as strong foundational judges for continued finetuning.",2025,NEGATIVE,
2025.emnlp-main.249,sun-etal-2025-collab,1,Collab-Overcooked: Benchmarking and Evaluating Large Language Models as Collaborative Agents,"Large Language Models (LLMs) based agent systems have made great strides in real-world applications beyond traditional NLP tasks. This paper proposes a new LLM-based Multi-Agent System (LLM-MAS) benchmark, Collab-Overcooked, built on the popular Overcooked-AI game with more applicable and challenging tasks in interactive environments. Collab-Overcooked extends existing benchmarks in two novel ways. First, it provides a multi-agent framework supporting diverse tasks and objectives and encourages collaboration through natural language communication. Second, it introduces a spectrum of process-oriented evaluation metrics to assess the fine-grained collaboration capabilities of different LLM agents, a dimension often overlooked in prior work. We conduct extensive experiments with 13 popular LLMs and show that, while the LLMs exhibit a strong ability in goal interpretation, there are significant shortcomings in active collaboration and continuous adaptation, which are critical for efficiently fulfilling complex tasks. Notably, we highlight the strengths and weaknesses of LLM-MAS and provide insights for improving and evaluating LLM-MAS on a unified and open-source benchmark. The environments, 30 open-ended tasks, and the evaluation package are publicly available at https://github.com/YusaeMeow/Collab-Overcooked.",2025,NEGATIVE,
2025.emnlp-main.368,wang-etal-2025-leo,0,LEO-MINI: An Efficient Multimodal Large Language Model using Conditional Token Reduction and Mixture of Multi-Modal Experts,"Redundancy of visual tokens in multi-modal large language models (MLLMs) significantly reduces their computational efficiency. Recent approaches, such as resamplers and summarizers, have sought to reduce the number of visual tokens, but at the cost of visual reasoning ability. To address this, we propose LEO-Mini, a novel MLLM that significantly reduces the number of visual tokens and simultaneously boosts visual reasoning capabilities. For efficiency, LEO-Mini incorporates CoTR, a novel token reduction module to consolidate a large number of visual tokens into a smaller set of tokens, using the similarity between visual tokens, text tokens, and a compact learnable query. For effectiveness, to scale up the model’s ability with minimal computational overhead, LEO-Mini employs MMoE, a novel mixture of multi-modal experts module. MMoE employs a set of LoRA experts with a novel router to switch between them based on the input text and visual tokens instead of only using the input hidden state. MMoE also includes a general LoRA expert that is always activated to learn general knowledge for LLM reasoning. For extracting richer visual features, MMoE employs a set of vision experts trained on diverse domain-specific data. To demonstrate LEO-Mini’s improved efficiency and performance, we evaluate it against existing efficient MLLMs on various benchmark vision-language tasks.",2025,NEGATIVE,
2025.emnlp-main.380,wulamu-etal-2025-rte,0,RTE-GMoE: A Model-agnostic Approach for Relation Triplet Extraction via Graph-based Mixture-of-Expert Mutual Learning,"Relation Triplet Extraction (RTE) is a fundamental while challenge task in knowledge acquisition, which identifies and extracts all triplets from unstructured text. Despite the recent advancements, the deep integration of the entity-, relation- and triplet-specific information remains a challenge. In this paper, we propose a Graph-based Mixture-of-Experts mutual learning framework for RTE, namely RTE-GMoE, to address this limitation. As a model-agnostic framework, RTE-GMoE distinguishes itself by including and modeling the mutual interactions among three vital task-specific experts: entity expert, RTE expert, and relation expert. RTE expert corresponds to the main RTE task and can be implemented by any model and the other two correspond to the two auxiliary tasks: entity recognition and relation extraction. We construct an expert graph and achieve comprehensive and adaptive graph-based MoE interactions with a novel mutual learning mechanism. In our framework, these experts perform knowledge extractions collaboratively via dynamic information exchange and knowledge sharing. We conduct extensive experiments on four state-of-the-art backbones and evaluate them on several widely-used benchmarks. The results demonstrate that our framework brings consistent and promising improvements on all backbones and benchmarks. Component study and model analysis further verify the effectiveness and advantages of our method.",2025,NEGATIVE,
2025.emnlp-main.413,ma-etal-2025-mining,0,Mining the Past with Dual Criteria: Integrating Three types of Historical Information for Context-aware Event Forecasting,"Event forecasting requires modeling historical event data to predict future events, and achieving accurate predictions depends on effectively capturing the relevant historical information that aids forecasting. Most existing methods focus on entities and structural dependencies to capture historical clues but often overlook implicitly relevant information. This limitation arises from overlooking event semantics and deeper factual associations that are not explicitly connected in the graph structure but are nonetheless critical for accurate forecasting. To address this, we propose a dual-criteria constraint strategy that leverages event semantics for relevance modeling and incorporates a self-supervised semantic filter based on factual event associations to capture implicitly relevant historical information. Building on this strategy, our method, termed ITHI (Integrating Three types of Historical Information), combines sequential event information, periodically repeated event information, and relevant historical information to achieve context-aware event forecasting. We evaluated the proposed ITHI method on three public benchmark datasets, achieving state-of-the-art performance and significantly outperforming existing approaches. Additionally, we validated its effectiveness on two structured temporal knowledge graph forecasting dataset.",2025,NEGATIVE,
2025.emnlp-main.447,ezquerro-etal-2025-hierarchical-bracketing,0,Hierarchical Bracketing Encodings Work for Dependency Graphs,"We revisit hierarchical bracketing encodings from a practical perspective in the context of dependency graph parsing. The approach encodes graphs as sequences, enabling linear-time parsing with n tagging actions, and still representing reentrancies, cycles, and empty nodes. Compared to existing graph linearizations, this representation substantially reduces the label space while preserving structural information. We evaluate it on a multilingual and multi-formalism benchmark, showing competitive results and consistent improvements over other methods in exact match accuracy.",2025,NEGATIVE,
2025.emnlp-main.615,lin-etal-2025-facilitating,0,Facilitating Long Context Understanding via Supervised Chain-of-Thought Reasoning,"Recent advances in Large Language Models (LLMs) have enabled them to process increasingly longer sequences, ranging from 2K to 2M tokens and even beyond. However, simply extending the input sequence length does not necessarily lead to effective long-context understanding. In this study, we integrate Chain-of-Thought (CoT) reasoning into LLMs in a supervised manner to facilitate effective long-context understanding. To achieve this, we introduce LongFinanceQA, a synthetic dataset in the financial domain designed to improve long-context reasoning. Unlike existing long-context synthetic data, LongFinanceQA includes intermediate CoT reasoning before the final conclusion, which encourages LLMs to perform explicit reasoning, improving accuracy and interpretability in long-context understanding. To generate synthetic CoT reasoning, we propose Property-based Agentic Inference (PAI), an agentic framework that simulates human-like reasoning steps, including property extraction, retrieval, and summarization. We evaluate PAI’s reasoning capabilities by assessing GPT-4o-mini w/ PAI on the Loong benchmark, outperforming standard GPT-4o-mini by 20.0%. Furthermore, we fine-tune LLaMA-3.1-8B-Instruct on LongFinanceQA, achieving a 28.0% gain on Loong’s financial subset.",2025,NEGATIVE,
2025.emnlp-main.725,wu-etal-2025-sharp,0,SHARP: Steering Hallucination in LVLMs via Representation Engineering,"Despite their impressive capabilities, Large Vision-Language Models (LVLMs) frequently generate responses that are plausible but incorrect or unsupported—commonly referred to as hallucinations. In this study, we investigate whether different types of hallucinations are reflected in the model’s internal representations by probing their encoded features. We focus on two key causes of hallucination in multimodal reasoning: (1) over-reliance on textual priors and (2) preference for user prompts over conflicting visual evidence—factors identified in prior work as frequent and impactful. Our probing results reveal that hallucinations exhibit distinguishable representational patterns, suggesting the potential for a representation-level approach to characterize and mitigate them. Motivated by these findings, we propose Steering HAllucination via RePresentation Engineering (SHARP), a representation-level intervention framework that modulates hallucination-related features during inference. SHARP identifies functional representations responsible for prior-driven biases and visual-context conflicts, and jointly adjusts the model’s internal activations in real time. We evaluate our approach extensively on three large vision-language models across multiple benchmarks. Experimental results demonstrate that SHARP effectively reduces hallucinations while preserving the performance and generalization capabilities of LVLMs.",2025,NEGATIVE,
2025.emnlp-main.867,zhang-etal-2025-inter,0,Inter-sentence Context Modeling and Structure-aware Representation Enhancement for Conversational Sentiment Quadruple Extraction,"Conversational aspect-based sentiment quadruple analysis (DiaASQ) is a newly-emergent task aiming to extract quadruples of target-aspect-opinion-sentiment from a conversation text. Existing studies struggle to capture complete dialogue semantics, largely due to inadequate inter-utterance modeling and the underutilization of dialogue structure. To address these issues, we propose an Inter-sentence Context Modeling and Structure-aware Representation Enhancement model (ICMSR) to extract dialogue aspect sentiment quadruple. We design the Dialog Inter-sentence Contextual Enhancer (DICE) module after the sentence-by-sentence encoding phase to enhance inter-sentence interactions and mitigate contextual fragmentation caused by traditional sequential encoding. Moreover, to fully exploit structural information within dialogues, we propose the Dialog Feature Amplifier (DFA), which consists of two submodules: STREAM and SMM. The STREAM module integrates diverse structural dialogue information to generate structure-aware sentence representations, effectively improving the modeling of intra-dialogue structural relations. Furthermore, the Structural Multi-scale Mechanism (SMM) employs a multi-scale modeling approach, simulating varying extents of contextual awareness, thereby enhancing the model’s ability to capture cross-sentence structural dependencies. We extensively evaluate our method on benchmark datasets, and the empirical results consistently confirm its effectiveness.",2025,NEGATIVE,
2025.emnlp-main.893,sun-etal-2025-docagent,0,DocAgent: An Agentic Framework for Multi-Modal Long-Context Document Understanding,"Recent advances in large language models (LLMs) have demonstrated significant promise in document understanding and question-answering. Despite the progress, existing approaches can only process short documents due to limited context length or fail to fully leverage multi-modal information. In this work, we introduce DocAgent, a multi-agent framework for long-context document understanding that imitates human reading practice. Specifically, we first extract a structured, tree-formatted outline from documents to help agents identify relevant sections efficiently. Further, we develop an interactive reading interface that enables agents to query and retrieve various types of content dynamically. To ensure answer reliability, we introduce a reviewer agent that cross-checks responses using complementary sources and maintains a task-agnostic memory bank to facilitate knowledge sharing across tasks. We evaluate our method on two long-context document understanding benchmarks, where it bridges the gap to human-level performance by surpassing competitive baselines, while maintaining a short context length. Our code is available at https://github.com/lisun-ai/DocAgent.",2025,NEGATIVE,
2025.emnlp-main.920,zhang-etal-2025-ui,0,UI-Hawk: Unleashing the Screen Stream Understanding for Mobile GUI Agents,"Graphical User Interface (GUI) agents are expected to precisely operate on the screens of digital devices. Existing GUI agents merely depend on current visual observations and plain-text action history, ignoring the significance of history screens. To mitigate this issue, we propose **UI-Hawk**, a multi-modal GUI agent specially designed to process screen streams encountered during GUI navigation. UI-Hawk incorporates a history-aware visual encoder to handle the screen sequences. To acquire a better understanding of screen streams, we select four fundamental tasks—UI grounding, UI referring, screen question answering, and screen summarization. We further propose a curriculum learning strategy to subsequently guide the model from fundamental tasks to advanced screen-stream comprehension.Along with the efforts above, we have also created a benchmark FunUI to quantitatively evaluate the fundamental screen understanding ability of MLLMs. Extensive experiments on FunUI and GUI navigation benchmarks consistently validate that screen stream understanding is essential for GUI tasks.Our code and data are now available at https://github.com/IMNearth/UIHawk.",2025,NEGATIVE,
2025.emnlp-main.938,chen-etal-2025-oms,0,"OMS: On-the-fly, Multi-Objective, Self-Reflective Ad Keyword Generation via LLM Agent","Keyword decision in Sponsored Search Advertising is critical to the success of ad campaigns. While LLM-based methods offer automated keyword generation, they face three major limitations: reliance on large-scale query–keyword pair data, lack of online multi-objective performance monitoring and optimization, and weak quality control in keyword selection. These issues hinder the agentic use of LLMs in fully automating keyword decisions by monitoring and reasoning over key performance indicators such as impressions, clicks, conversions, and CTA effectiveness. To overcome these challenges, we propose OMS, a keyword generation framework that is On-the-fly (requires no training data, monitors online performance, and adapts accordingly), Multi-objective (employs agentic reasoning to optimize keywords based on multiple performance metrics) and Self-reflective (agentically evaluates keyword quality). Experiments on benchmarks and real-world ad campaigns show that OMS outperforms existing methods; Ablation and human evaluations confirm the effectiveness of each component and the quality of generated keywords.",2025,NEGATIVE,
2025.emnlp-main.1027,luo-deshwal-2025-com,0,COM-BOM: Bayesian Exemplar Search for Efficiently Exploring the Accuracy-Calibration Pareto Frontier,"Selecting an optimal set of exemplars is critical for good performance of in-context learning. However, prior exemplar search methods narrowly optimize for predictive accuracy, critically neglecting model calibration—a key determinant of trustworthiness and safe deployment. In this paper, we formulate exemplar selection as a multi-objective optimization problem, explicitly targeting both the maximization of predictive accuracy and the minimization of expected calibration error. We solve this problem with a sample-efficient Combinatorial Bayesian Optimization algorithm (COM-BOM) to find the Pareto-front that optimally trade-offs the two objectives of accuracy and calibration. We evaluate COM-BOM on multiple tasks from un-saturated MMLU-pro benchmark and find that COM-BOM beats or matches the baselines in jointly optimizing the two objectives, while requiring a minimal number of LLM API calls.",2025,NEGATIVE,
2025.emnlp-main.1030,lu-etal-2025-paired,0,Paired by the Teacher: Turning Unpaired Data into High-Fidelity Pairs for Low-Resource Text Generation,"We present Paired by the Teacher (PbT), a two-stage teacher–student pipeline that synthesizes accurate input–output pairs without human labels or parallel data. In many low-resource natural language generation (NLG) scenarios, practitioners may have only raw outputs, like highlights, recaps, or questions, or only raw inputs, such as articles, dialogues, or paragraphs, but seldom both. This mismatch forces small models to learn from very few examples or rely on costly, broad-scope synthetic examples produced by large LLMs. PbT addresses this by asking a teacher LLM to compress each unpaired example into a concise intermediate representation (IR), and training a student to reconstruct inputs from IRs. This enables outputs to be paired with student-generated inputs, yielding high-quality synthetic data. We evaluate PbT on five benchmarks—document summarization (XSum, CNNDM), dialogue summarization (SAMSum, DialogSum), and question generation (SQuAD)—as well as an unpaired setting on SwitchBoard (paired with DialogSum summaries). An 8B student trained only on PbT data outperforms models trained on 70 B teacher-generated corpora and other unsupervised baselines, coming within 1.2 ROUGE-L of human-annotated pairs and closing 82% of the oracle gap at one-third the annotation cost of direct synthesis. Human evaluation on SwitchBoard further confirms that only PbT produces concise, faithful summaries aligned with the target style, highlighting its advantage of generating in-domain sources that avoid the mismatch, limiting direct synthesis.",2025,NEGATIVE,
2025.emnlp-main.1041,song-etal-2025-limrank,0,LimRank: Less is More for Reasoning-Intensive Information Reranking,"Existing approaches typically rely on large-scale fine-tuning to adapt LLMs for information reranking tasks, which is computationally expensive. In this work, we demonstrate that modern LLMs can be effectively adapted using only minimal, high-quality supervision. To enable this, we design LIMRANK-SYNTHESIZER, a reusable and open-source pipeline for generating diverse, challenging, and realistic reranking examples. Using this synthetic data, we fine-tune our reranker model, LIMRANK. We evaluate LIMRANK on two challenging benchmarks, i.e., BRIGHT for reasoning-intensive retrieval and FollowIR for instruction-following retrieval. Our experiments demonstrate that LIMRANK achieves competitive performance, while being trained on less than 5% of the data typically used in prior work. Further ablation studies demonstrate the effectiveness of LIMRANK-SYNTHESIZER and the strong generalization capabilities of LIMRANK across downstream tasks, including scientific literature search and retrieval-augmented generation for knowledge-intensive problem solving.",2025,NEGATIVE,
2025.emnlp-main.1119,zhang-etal-2025-rpdr,0,RPDR: A Round-trip Prediction-Based Data Augmentation Framework for Long-Tail Question Answering,"Long-tail question answering presents significant challenges for large language models (LLMs) due to their limited ability to acquire and accurately recall less common knowledge. Retrieval-augmented generation (RAG) systems have shown great promise in mitigating this limitation by integrating external retrieval mechanisms. However, dense retrieval models often face the same difficulties when generalizing to rare or niche knowledge. In this study, we introduce RPDR, a novel data augmentation framework that selects high-quality easy-to-learn training data, to enhance dense retrievers. Our approach is built around three core components: synthetic data generation, data selection with Round-Trip prediction to identify easy-to-learn instances, and retriever training with these instances. We evaluate RPDR on two long-tail retrieval benchmarks, PopQA and EntityQuestion, demonstrating substantial improvements over existing retrievers like BM25 and Contriver, especially on extremely long-tail categories. We identify the strengths and limitations of RPDR through detailed human analysis and propose a dynamic routing mechanism to dynamically route queries to specialized retrieval modules to further improve retrieval performance.",2025,NEGATIVE,
2025.emnlp-main.1214,zhang-etal-2025-query-focused,0,Query-Focused Retrieval Heads Improve Long-Context Reasoning and Re-ranking,"Recent work has identified retrieval heads (Wu et al., 2025), a subset of attention heads responsible for retrieving salient information in long-context language models (LMs), as measured by their copy-paste behavior in Needle-in-a-Haystack tasks. In this paper, we introduce QRHead (Query-Focused Retrieval Head), an improved set of attention heads that enhance retrieval from long context. We identify QRHead by aggregating attention scores with respect to the input query, using a handful of examples from real-world tasks (e.g., long-context QA). We further introduce QRRetriever, an efficient and effective retriever that uses the accumulated attention mass of QRHead as retrieval scores. We use QRRetriever for long-context reasoning by selecting the most relevant parts with the highest retrieval scores. On multi-hop reasoning tasks LongMemEval and CLIPPER, this yields over 10% performance gains over full context and outperforms strong dense retrievers. We also evaluate QRRetriever as a re-ranker on the BEIR benchmark and find that it achieves strong zero-shot performance, outperforming other LLM-based re-rankers such as RankGPT. Further analysis shows that both the query-context attention scoring and task selection are crucial for identifying QRHead with strong downstream utility. Overall, our work contributes a general-purpose retriever and offers interpretability insights into the long-context capabilities of LMs.",2025,NEGATIVE,
2025.emnlp-main.1334,wu-etal-2025-dimo,0,DiMo-GUI: Advancing Test-time Scaling in GUI Grounding via Modality-Aware Visual Reasoning,"Grounding natural language queries in graphical user interfaces (GUIs) poses unique challenges due to the diversity of visual elements, spatial clutter, and the ambiguity of language. In this paper, we introduce DiMo-GUI, a training-free framework for GUI grounding that leverages two core strategies: dynamic visual grounding and modality-aware optimization. Instead of treating the GUI as a monolithic image, our method splits the input into textual elements and iconic elements, allowing the model to reason over each modality independently using general-purpose vision-language models. When predictions are ambiguous or incorrect, DiMo-GUI dynamically focuses attention by generating candidate focal regions centered on the model’s initial predictions and incrementally zooms into subregions to refine the grounding result. This hierarchical refinement process helps disambiguate visually crowded layouts without the need for additional training or annotations. We evaluate our approach on standard GUI grounding benchmarks and demonstrate consistent improvements over baseline inference pipelines, highlighting the effectiveness of combining modality separation with region-focused reasoning.",2025,NEGATIVE,
2025.emnlp-main.1445,kao-etal-2025-qg,0,QG-CoC: Question-Guided Chain-of-Captions for Large Multimodal Models,"Recently, Multimodal Large Language Models (MLLMs) encounter two key issues in multi-image contexts: (1) a lack of fine-grained perception across disparate images, and (2) a diminished capability to effectively reason over and synthesize information from multiple visual inputs. However, while various prompting methods aim to describe visual content, many existing studies focus primarily on single-image settings or specific, constrained scenarios. This leaves a critical gap in understanding and addressing how MLLMs tackle more general and complex multi-image reasoning tasks. Thus, we first extensively investigate how current prompting methods perceive fine-grained visual details and process visual information when dealing with multiple images. Our findings reveal that existing prompting methods fall short in attending to needed clues and seamlessly integrating perception and reasoning. Inspired by the findings, we propose a new zero-shot prompting method, Question-Guided Chain-of-Captions (QG-CoC), a generalized prompting approach that effectively handles problems with an arbitrary number of images. We evaluate our method on various open-source and closed-source MLLMs for multi-image and single-image benchmarks. Experimental results indicate that QG-CoC demonstrates competitive performance across tasks and exhibits robust improvements in the challenging scenarios where existing prompting methods fail.",2025,NEGATIVE,
2025.emnlp-main.1484,sainz-etal-2025-instructing,0,Instructing Large Language Models for Low-Resource Languages: A Systematic Study for Basque,"Instructing language models with user intent requires large instruction datasets, which are only available for a limited set of languages. In this paper, we explore alternatives to conventional instruction adaptation pipelines in low-resource scenarios. We assume a realistic scenario for low-resource languages, where only the following are available: corpora in the target language, existing open-weight multilingual base and instructed backbone LLMs, and synthetically generated instructions sampled from the instructed backbone. We present a comprehensive set of experiments for Basque that systematically study different combinations of these components evaluated on benchmarks and human preferences from 1,680 participants. Our conclusions show that target language corpora are essential, with synthetic instructions yielding robust models, and, most importantly, that using as backbone an instruction-tuned model outperforms using a base non-instructed model. Scaling up to Llama 3.1 Instruct 70B as backbone, our model comes near frontier models of much larger sizes for Basque, without using any Basque instructions. We release code, models, instruction datasets, and human preferences to support full reproducibility in future research on low-resource language adaptation.",2025,NEGATIVE,
2025.emnlp-main.1517,horst-etal-2025-playpen,0,Playpen: An Environment for Exploring Learning From Dialogue Game Feedback,"Interaction between learner and feedback-giver has come into focus recently for post-training of Large Language Models (LLMs), through the use of reward models that judge the appropriateness of a model’s response. In this paper, we investigate whether Dialogue Games—goal-directed and rule-governed activities driven predominantly by verbal actions—can also serve as a source of feedback signals for learning.We introduce Playpen, an environment for off- and online learning through Dialogue Game self-play, and investigate a representative set of post-training methods: supervised fine-tuning; direct alignment (DPO); and reinforcement learning with Group Relative Policy Optimization (GRPO). We experiment with post-training a small LLM (Llama-3.1-8B-Instruct), evaluating performance on unseen instances of training games as well as unseen games, and on standard benchmarks. We find that imitation learning through SFT improves performance on unseen instances, but negatively impacts other skills, while interactive learning with GRPO shows balanced improvements without loss of skills. We release the framework and the baseline training setups to foster research in this promising new direction of “learning in (synthetic) interaction”.",2025,NEGATIVE,
2025.emnlp-main.1544,pronesti-etal-2025-enhancing,0,Enhancing Study-Level Inference from Clinical Trial Papers via Reinforcement Learning-Based Numeric Reasoning,"Systematic reviews in medicine play a critical role in evidence-based decision-making by aggregating findings from multiple studies. A central bottleneck in automating this process is extracting numeric evidence and determining study-level conclusions for specific outcomes and comparisons. Prior work has framed this problem as a textual inference task by retrieving relevant content fragments and inferring conclusions from them. However, such approaches often rely on shallow textual cues and fail to capture the underlying numeric reasoning behind expert assessments.In this work, we conceptualise the problem as one of quantitative reasoning. Rather than inferring conclusions from surface text, we extract structured numerical evidence (e.g., event counts or standard deviations) and apply domain knowledge informed logic to derive outcome-specific conclusions. We develop a numeric reasoning system composed of a numeric data extraction model and an effect estimate component, enabling more accurate and interpretable inference aligned with the domain expert principles. We train the numeric data extraction model using different strategies, including supervised fine-tuning (SFT) and reinforcement learning (RL) with a new value reward model.When evaluated on the CochraneForest benchmark, our best-performing approach – using RL to train a small-scalenumber extraction model – yields up to a 21% absolute improvement in F1 score over retrieval-based systems and outperforms general-purpose LLMs of over 400B parameters by up to 9%.Our results demonstrate the promise of reasoning-driven approaches for automating systematic evidence synthesis.",2025,NEGATIVE,
2025.emnlp-main.1590,taveekitworachai-etal-2025-prior,0,Prior Prompt Engineering for Reinforcement Fine-Tuning,"This paper investigates prior prompt engineering (pPE) in the context of reinforcement fine-tuning (RFT), where language models (LMs) are incentivized to exhibit behaviors that maximize performance through reward signals. While existing RFT research has primarily focused on algorithms, reward shaping, and data curation, the design of the prior prompt–the instructions prepended to queries during training to elicit behaviors such as step-by-step reasoning–remains underexplored. We investigate whether different pPE approaches can guide LMs to internalize distinct behaviors after RFT. Inspired by inference-time prompt engineering (iPE), we translate five representative iPE strategies–reasoning, planning, code-based reasoning, knowledge recall, and null-example utilization–into corresponding pPE approaches. We experiment with Qwen2.5-7B using each of the pPE approaches, then evaluate performance on in-domain and out-of-domain benchmarks (e.g., AIME2024, HumanEval+, and GPQA-Diamond). Our results show that all pPE-trained models surpass their iPE-prompted counterparts, with the null-example pPE approach achieving the largest average performance gain and the highest improvement on AIME2024 and GPQA-Diamond, surpassing the commonly used reasoning approach. Furthermore, by adapting a behavior-classification framework, we demonstrate that different pPE strategies instill distinct behavioral styles in the resulting models. These findings position pPE as a powerful yet understudied axis for RFT.",2025,NEGATIVE,
2025.emnlp-main.1616,eikema-etal-2025-structure,0,Structure-Conditional Minimum Bayes Risk Decoding,"Minimum Bayes Risk (MBR) decoding has seen renewed interest as an alternative to traditional generation strategies. While MBR has proven effective in machine translation, where the variability of a language model’s outcome space is naturally constrained, it may face challenges in more open-ended tasks such as dialogue or instruction-following. We hypothesise that in such settings, applying MBR with standard similarity-based utility functions may result in selecting responses that are broadly representative of the model’s distribution, yet sub-optimal with respect to any particular grouping of generations that share an underlying latent structure. In this work, we introduce three lightweight adaptations to the utility function, designed to make MBR more sensitive to structural variability in the outcome space. To test our hypothesis, we curate a dataset capturing three representative types of latent structure—dialogue act, emotion, and response structure (e.g., a sentence, a paragraph, or a list)—and we propose two metrics to evaluate the structural optimality of MBR. Our analysis demonstrates that common similarity-based utility functions fall short by these metrics. In contrast, our proposed adaptations considerably improve structural optimality. Finally, we evaluate our approaches on real-world instruction-following benchmarks, AlpacaEval and MT-Bench, and show that increased structural sensitivity improves generation quality by up to 13.7 percentage points in win rate.",2025,NEGATIVE,
2025.findings-naacl.3,fan-etal-2025-medodyssey,1,MedOdyssey: A Medical Domain Benchmark for Long Context Evaluation Up to 200K Tokens,"Numerous advanced Large Language Models (LLMs) now support context lengths up to 128K, and some extend to 200K. Some benchmarks in the generic domain have also followed up on evaluating long-context capabilities. In the medical domain, tasks are distinctive due to the unique contexts and need for domain expertise, necessitating further evaluation. However, despite the frequent presence of long texts in medical scenarios, evaluation benchmarks of long-context capabilities for LLMs in this field are still rare. In this paper, we propose MedOdyssey, the first medical long-context benchmark with seven length levels ranging from 4K to 200K tokens. MedOdyssey consists of two primary components: the medical-context “needles in a haystack” task and a series of tasks specific to medical applications, together comprising 10 datasets. The first component includes challenges such as counter-intuitive reasoning and novel (unknown) facts injection to mitigate knowledge leakage and data contamination of LLMs. The second component confronts the challenge of requiring professional medical expertise. Especially, we design the ‘“Maximum Identical Context” principle to improve fairness by guaranteeing that different LLMs observe as many identical contexts as possible. Our experiment evaluates advanced proprietary and open-source LLMs tailored for processing long contexts and presents detailed performance analyses. This highlights that LLMs still face challenges and need for further research in this area. Our code and data are released in the repository: https://github.com/JOHNNY-fans/MedOdyssey.",2025,NEGATIVE,
2025.findings-naacl.25,huang-etal-2025-dialoggen,1,DialogGen: Multi-modal Interactive Dialogue System with Multi-turn Text-Image Generation,"Text-to-image (T2I) generation models have significantly advanced in recent years. However, effective interaction with these models is challenging for average users due to the need for specialized prompt engineering knowledge and the inability to perform multi-turn image generation, hindering a dynamic and iterative creation process. Recent attempts have tried to equip Multi-modal Large Language Models (MLLMs) with T2I models to bring the user’s natural language instructions into reality. Hence, the output modality of MLLMs is extended, and the multi-turn generation quality of T2I models is enhanced thanks to the strong multi-modal comprehension ability of MLLMs. However, many of these works face challenges in identifying correct output modalities and generating coherent images accordingly as the number of output modalities increases and the conversations go deeper. Therefore, we propose DialogGen, an effective pipeline to align off-the-shelf MLLMs and T2I models to build a Multi-modal Interactive Dialogue System (MIDS) for multi-turn Text-to-Image generation. It is composed of drawing prompt alignment, careful training data curation, and error correction. Moreover, as the field of MIDS flourishes, comprehensive benchmarks are urgently needed to evaluate MIDS fairly in terms of output modality correctness and multi-modal output coherence. To address this issue, we introduce the Multi-modal Dialogue Benchmark (DialogBen), a comprehensive bilingual benchmark designed to assess the ability of MLLMs to generate accurate and coherent multi-modal content that supports image editing. It contains two evaluation metrics to measure the model’s ability to switch modalities and the coherence of the output images. Our extensive experiments on DialogBen and user study demonstrate the effectiveness of DialogGen in producing correct output modalities and coherent multi-modal outputs compared with other State-of-the-Art models. We hope that DialogBen can contribute to the community for building more powerful MIDS.",2025,NEGATIVE,
2025.findings-naacl.36,li-etal-2025-instructany2pix,1,InstructAny2Pix: Image Editing with Multi-Modal Prompts,"Image Editing has made incredible progress in recent years. Earliest work only supported caption-guided editing. Recently, free-form text instructions and reference images are incorporated to allow more flexibility. However, existing methods still struggle with complicated editing instructions involving multiple objects or reference images. We present InstructAny2Pix, a novel image editing model that leverages a multi-modal LLM to execute complicated edit instructions. Compared with previous, works, InstructAny2Pix extends the flexibility of edit instructions in three ways: First, it can perform complex instructions involving multiple object edits; Second, it supports interleaving text instructions with multiple reference images; Third, it supports audio and music inputs as part of edit prompts, unlocking many creative applications, such as album cover generation and music-inspired merchandise design. To evaluate the effectiveness of InstructAny2Pix, we propose two new benchmark datasets MM-Inst and Dream-booth++ consisting of human written, multi-modal prompts. InstructAny2Pix outperforms baselines in these two proposed multi-modal benchmarks, as well as conventional image editing benchmarks such as InstructPix2Pix.",2025,NEGATIVE,
2025.findings-naacl.51,zhang-etal-2025-lmms,1,LMMs-Eval: Reality Check on the Evaluation of Large Multimodal Models,"The advances of large foundation models necessitate wide-coverage, low-cost, and zero-contamination benchmarks. Despite continuous exploration of language model evaluations, comprehensive studies on the evaluation of Large Multi-modal Models (LMMs) remain limited. In this work, we introduce LMMS-EVAL, a unified and standardized multimodal benchmark framework with over 50 tasks and more than 10 models to promote transparent and reproducible evaluations. Although LMMS-EVAL offers comprehensive coverage, we find it still falls short in achieving low cost and zero contamination. To approach this evaluation trilemma, we further introduce LMMS-EVAL LITE, a pruned evaluation toolkit that emphasizes both coverage and efficiency. Additionally, we present Multimodal LIVEBENCH that utilizes continuously updating news and online forums to assess models’ generalization abilities in the wild, featuring a low-cost and zero-contamination evaluation approach. In summary, our work highlights the importance of considering the evaluation trilemma and provides practical solutions to navigate the trade-offs in evaluating large multi-modal models, paving the way for more effective and reliable benchmarking of LMMs.",2025,NEGATIVE,
2025.findings-naacl.58,quancai-etal-2025-discomp,0,DisComp: A Two-Stage Prompt Optimization Framework Combining Task-Agnostic and Task-Aware Compression,"Large language models (LLMs) exhibit exceptional performance across a wide range of natural language processing tasks, often relying on lengthy prompts to harness their full capabilities. However, extended prompts can lead to substantial computational overhead and increased hardware demands, limiting the scalability and efficiency of such models. In this paper, we propose DisComp, a two-stage prompt compression framework based on knowledge distillation that combines task-agnostic and task-aware strategies, designed to efficiently compress prompt length without compromising performance.In the first stage, task-agnostic compression is achieved through knowledge distillation, transferring the summarization capabilities of a LLM to a smaller, more efficient model. The distillation process combines cross-entropy loss and keyword matching loss to ensure the smaller model generates concise and informative summaries. In the second stage, sentence-level pruning is applied, where sentences are ranked by relevance to the query, and irrelevant sentences are pruned to retain only task-critical information. We evaluate our method on three benchmark datasets, LongBench , ZeroSCROLLS and NaturalQuestions. The results show that DisComp significantly outperforms previous task-agnostic and task-specific compression approaches, and it is up to 6.56× faster at inference compared to the best token-level compression method.",2025,NEGATIVE,
2025.findings-naacl.105,ghaboura-etal-2025-camel,1,CAMEL-Bench: A Comprehensive Arabic LMM Benchmark,"Recent years have witnessed a significant interest in developing large multi-modal models (LMMs) capable of performing various visual reasoning and understanding tasks. This has led to the introduction of multiple LMM benchmarks to evaluate LMMs on different tasks. However, most existing LMM evaluation benchmarks are predominantly English-centric. In this work, we develop a comprehensive LMM evaluation benchmark for the Arabic language to represent a large population of over 400 million speakers. The proposed benchmark, named CAMEL-Bench, comprises eight diverse domains and 38 sub-domains including, multi-image understanding, complex visual perception, handwritten document understanding, video understanding, medical imaging, plant diseases, and remote sensing-based land use understanding to evaluate broad scenario generalizability. Our CAMEL-Bench comprises around 29,036 questions that are filtered from a larger pool of samples, where the quality is manually verified by native speakers to ensure reliable model assessment. We conduct evaluations of both closed-source, including GPT-4 series, and open-source LMMs. Our analysis reveals the need for substantial improvement, especially among the bestopen-source models, with even the closed-source GPT-4o achieving an overall score of 62%. Our benchmark will be publicly released.",2025,NEGATIVE,
2025.findings-naacl.128,premsri-kordjamshidi-2025-neuro,0,Neuro-symbolic Training for Reasoning over Spatial Language,"Spatial reasoning based on natural language expressions is essential for everyday human tasks. This reasoning ability is also crucial for machines to interact with their environment in a human-like manner. However, recent research shows that even state-of-the-art language models struggle with spatial reasoning over text, especially when facing nesting spatial expressions. This is attributed to not achieving the right level of abstraction required for generalizability.To alleviate this issue, we propose training language models with neuro-symbolic techniques that exploit the spatial logical rules as constraints, providing additional supervision to improve spatial reasoning and question answering.Training language models to adhere to spatial reasoning rules guides them in making more effective and general abstractions for transferring spatial knowledge to various domains. We evaluate our approach on existing spatial question-answering benchmarks. Our results indicate the effectiveness of our proposed technique in improving language models in complex multi-hop spatial reasoning over text.",2025,NEGATIVE,
2025.findings-naacl.293,belem-etal-2025-single,1,From Single to Multi: How LLMs Hallucinate in Multi-Document Summarization,"Although many studies have investigated and reduced hallucinations in large language models (LLMs) for single-document tasks, research on hallucination in multi-document summarization (MDS) tasks remains largely unexplored. Specifically, it is unclear how the challenges arising from handling multiple documents (e.g., repetition and diversity of information) affect models outputs. In this work, we investigate how hallucinations manifest in LLMs when summarizing topic-specific information from a set of documents. Since no benchmarks exist for investigating hallucinations in MDS, we leverage existing news and conversation datasets, annotated with topic-specific insights, to create two novel multi-document benchmarks. When evaluating 5 LLMs on our benchmarks, we observe that on average, up to 75% of the content in LLM-generated summary is hallucinated, with hallucinations more likely to occur towards the end of the summaries. Moreover, when summarizing non-existent topic-related information, GPT-3.5-turbo and GPT-4o still generate summaries about 79.45% and 44% of the time, raising concerns about their tendency to fabricate content. To better understand the characteristics of these hallucinations, we conduct a human evaluation of 700+ insights and discover that most errors stem from either failing to follow instructions or producing overly generic insights. Motivated by these observations, we investigate the efficacy of simple post-hoc baselines in mitigating hallucinations but find them only moderately effective. Our results underscore the need for more effective approaches that systematically mitigate hallucinations in MDS.",2025,NEGATIVE,
2025.findings-naacl.334,qianyihu-etal-2025-time,0,Time-aware ReAct Agent for Temporal Knowledge Graph Question Answering,"Temporal knowledge graph question answering (TKGQA) addresses time-sensitive queries using knowledge bases. Although large language models (LLMs) and LLM-based agents such as ReAct have shown potential for TKGQA, they often lack sufficient temporal constraints in the retrieval process. To tackle this challenge, we propose TempAgent, a novel autonomous agent framework built on LLMs that enhances their ability to conduct temporal reasoning and comprehension. By integrating temporal constraints into information retrieval, TempAgent effectively discards irrelevant material and concentrates on extracting pertinent temporal and factual information. We evaluate our framework on the MultiTQ dataset, a real-world multi-granularity TKGQA benchmark, using a fully automated setup. Our experimental results reveal the remarkable effectiveness of our approach: TempAgent achieves a 41.3% improvement over the baseline model and a 32.2% gain compared to the Abstract Reasoning Induction (ARI) method. Moreover, our method attains an accuracy of 70.2% on the @hit1 metric, underscoring its substantial advantage in addressing time-aware TKGQA tasks.",2025,NEGATIVE,
2025.findings-naacl.460,ning-etal-2025-mode,0,MoDE: Effective Multi-task Parameter Efficient Fine-Tuning with a Mixture of Dyadic Experts,"Parameter-efficient fine-tuning techniques like Low-Rank Adaptation (LoRA) have revolutionized the adaptation of large language models (LLMs) to diverse tasks. Recent efforts have explored mixtures of LoRA modules for multi-task settings. However, our analysis reveals redundancy in the down-projection matrices of these architectures. This observation motivates our proposed method, Mixture of Dyadic Experts (MoDE), which introduces a novel design for efficient multi-task adaptation. This is done by sharing the down-projection matrix across tasks and employing atomic rank-one adapters, coupled with routers that allow more sophisticated task-level specialization. Our design allows for more fine-grained mixing, thereby increasing the model’s ability to jointly handle multiple tasks. We evaluate MoDE on the Supernatural Instructions (SNI) benchmark consisting of a diverse set of 700+ tasks and demonstrate that it outperforms state-of-the-art multi-task parameter-efficient fine-tuning (PEFT) methods, without introducing additional parameters. Our findings contribute to a deeper understanding of parameter efficiency in multi-task LLM adaptation and provide a practical solution for deploying high-performing, lightweight models.",2025,NEGATIVE,
2025.findings-naacl.470,reuver-etal-2025-tell,0,Tell Me What You Know About Sexism: Expert-LLM Interaction Strategies and Co-Created Definitions for Zero-Shot Sexism Detection,"This paper investigates hybrid intelligence and collaboration between researchers of sexism and Large Language Models (LLMs), with afour-component pipeline. First, nine sexism researchers answer questions about their knowledge of sexism and of LLMs. They then participate in two interactive experiments involving an LLM (GPT3.5). The first experiment has experts assessing the model’s knowledgeabout sexism and suitability for use in research. The second experiment tasks them with creating three different definitions of sexism: anexpert-written definition, an LLM-written one, and a co-created definition. Lastly, zero-shot classification experiments use the three definitions from each expert in a prompt template for sexism detection, evaluating GPT4o on 2.500 texts sampled from five sexism benchmarks. We then analyze the resulting 67.500 classification decisions. The LLM interactions lead to longer and more complex definitions of sexism. Expert-written definitions on average perform poorly compared to LLM-generated definitions. However, some experts do improve classification performance with their co-created definitions of sexism, also experts who are inexperienced in using LLMs.",2025,NEGATIVE,
2025.findings-acl.88,yu-etal-2025-beyond-verbal,0,Beyond Verbal Cues: Emotional Contagion Graph Network for Causal Emotion Entailment,"Emotions are fundamental to conversational understanding. While significant advancements have been achieved in conversational emotion recognition and emotional response generation, recognizing the causes of eliciting emotions is less explored. Previous studies have primarily focused on identifying the causes of emotions by understanding verbal contextual utterances, overlooking that non-verbal emotional cues can elicit emotions. To address this issue, we develop an Emotional Contagion Graph Network (ECGN) that simulates the impact of non-verbal implicit emotions on the counterpart’s emotions. To achieve this, we construct a heterogeneous graph that simulates the transmission of non-verbal emotions alongside verbal influences. By applying message passing between nodes, the constructed graph effectively models both the implicit emotional dynamics and explicit verbal interactions. We evaluate ECGN’s performance through extensive experiments on the benchmark datasets and compare it against multiple state-of-the-art models. Experimental results demonstrate the effectiveness of the proposed model. Our code is available at https://github.com/Yu-Fangxu/ECGN.",2025,NEGATIVE,
2025.findings-acl.158,geng-etal-2025-vscbench,1,VSCBench: Bridging the Gap in Vision-Language Model Safety Calibration,"The rapid advancement of vision-language models (VLMs) has brought a lot of attention to their safety alignment. However, existing methods have primarily focused on model undersafety, where the model responds to hazardous queries, while neglecting oversafety, where the model refuses to answer safe queries. In this paper, we introduce the concept of safety calibration, which systematically addresses both undersafety and oversafety. Specifically, we present VSCBench, a novel dataset of 3,600 image-text pairs that are visually or textually similar but differ in terms of safety, which is designed to evaluate safety calibration across image-centric and text-centric scenarios. Based on our benchmark, we evaluate safety calibration across eleven widely used VLMs. Our extensive experiments revealed major issues with both undersafety and oversafety. We further investigated four approaches to improve the model’s safety calibration. We found that even though some methods effectively calibrated the models’ safety problems, these methods also lead to the degradation of models’ utility. This trade-off underscores the urgent need for advanced calibration methods, and our benchmark provides a valuable tool for evaluating future approaches.",2025,NEGATIVE,
2025.findings-acl.284,wang-etal-2025-rethinking-stateful,1,Rethinking Stateful Tool Use in Multi-Turn Dialogues: Benchmarks and Challenges,"Existing benchmarks that assess Language Models (LMs) as Language Agents (LAs) for tool use primarily focus on stateless, single-turn interactions or partial evaluations, such as tool selection in a single turn, overlooking the inherent stateful nature of interactions in multi-turn applications. To fulfill this gap, we propose DialogTool, a multi-turn dialogue dataset with stateful tool interactions considering the whole life cycle of tool use, across six key tasks in three stages: 1) tool creation; 2) tool utilization: tool awareness, tool selection, tool execution; and 3) role-consistent response: response generation and role play. Furthermore, we build VirtualMobile – an embodied virtual mobile evaluation environment to simulate API calls and assess the robustness of the created APIs. Taking advantage of these artifacts, we conduct comprehensive evaluation on 13 distinct open- and closed-source LLMs and provide detailed analysis at each stage, revealing that the existing state-of-the-art LLMs still cannot perform well to use tools over long horizons .",2025,NEGATIVE,
2025.findings-acl.294,kahatapitiya-etal-2025-language,0,Language Repository for Long Video Understanding,"Language has become a prominent modality in computer vision with the rise of LLMs. Despite supporting long context-lengths, their effectiveness in handling long-term information gradually declines with input length. This becomes critical, especially in applications such as long-form video understanding. In this paper, we introduce a Language Repository (LangRepo) for LLMs, that maintains concise and structured information as an interpretable (i.e., all-textual) representation. Our repository is updated iteratively based on multi-scale video chunks. We introduce write and read operations that focus on pruning redundancies in text, and extracting information at various temporal scales. The proposed framework is evaluated on zero-shot visual question-answering benchmarks, showing state-of-the-art performance at its scale. Our code is available at https://github.com/kkahatapitiya/LangRepo.",2025,NEGATIVE,
2025.findings-acl.588,hao-etal-2025-glitters,0,All That Glitters is Not Gold: Improving Robust Retrieval-Augmented Language Models with Fact-Centric Preference Alignment,"Retrieval-augmented language model (RALM) relies on retrieved external knowledge to generate responses, resulting in vulnerability in the face of retrieval results with noisy documents. Previous works integrate additional filters or finetune Large Language Models (LLMs) to learn adaptive retrieval to reduce the performance damage of noisy documents. However, prior noise filtering may lead to the loss of crucial information, and these methods do not focus on distracting documents with high semantic relevance, which is the most challenging problem. In this study, we propose a training method for fact-centric preference alignment (FPA) to improve the ability of LLMs to directly extract useful information from noisy retrieval results without prior filtering. Our method performs positive document mining based on factual consistency and uses LLMs self-generated synthetic data as training data without manual annotation. We evaluate our FPA on four question answering benchmarks, and the experimental results demonstrate that our method achieves significant improvement with a small scale of training data.",2025,NEGATIVE,
2025.findings-acl.704,wen-etal-2025-thinkguard,0,ThinkGuard: Deliberative Slow Thinking Leads to Cautious Guardrails,"Ensuring the safety of large language models (LLMs) is critical as they are deployed in real-world applications. Existing guardrails rely on rule-based filtering or single-pass classification, limiting their ability to handle nuanced safety violations. To address this, we propose ThinkGuard, a critique-augmented guardrail model that distills knowledge from high-capacity LLMs by generating structured critiques alongside safety labels. Fine-tuned on critique-augmented data, the captured deliberative thinking ability drastically enhances the guardrail’s cautiousness and interpretability. Evaluated on multiple safety benchmarks, ThinkGuard achieves the highest average F1 and AUPRC, outperforming all baselines. Compared to LLaMA Guard 3, ThinkGuard improves accuracy by 16.1% and macro F1 by 27.0%. Moreover, it surpasses label-only fine-tuned models, confirming that structured critiques enhance both classification precision and nuanced safety reasoning while maintaining computational efficiency.",2025,NEGATIVE,
2025.findings-acl.805,cocchieri-etal-2025-zeroner,0,ZeroNER: Fueling Zero-Shot Named Entity Recognition via Entity Type Descriptions,"What happens when a named entity recognition (NER) system encounters entities it has never seen before? In practical applications, models must generalize to unseen entity types where labeled training data is either unavailable or severely limited—a challenge that demands zero-shot learning capabilities. While large language models (LLMs) offer extensive parametric knowledge, they fall short in cost-effectiveness compared to specialized small encoders. Existing zero-shot methods predominantly adopt a relaxed definition of the term with potential leakage issues and rely on entity type names for generalization, overlooking the value of richer descriptions for disambiguation. In this work, we introduce ZeroNER, a description-driven framework that enhances hard zero-shot NER in low-resource settings. By leveraging general-domain annotations and entity type descriptions with LLM supervision, ZeroNER enables a BERT-based student model to successfully identify unseen entity types. Evaluated on three real-world benchmarks, ZeroNER consistently outperforms LLMs by up to 16% in F1 score, and surpasses lightweight baselines that use type names alone. Our analysis further reveals that LLMs derive significant benefits from incorporating type descriptions in the prompts.",2025,NEGATIVE,
2025.findings-acl.935,zhao-etal-2025-promptcot,0,PromptCoT: Synthesizing Olympiad-level Problems for Mathematical Reasoning in Large Language Models,"The ability of large language models to solve complex mathematical problems has progressed significantly, particularly for tasks requiring advanced reasoning. However, the scarcity of sufficiently challenging problems, particularly at the Olympiad level, hinders further advancements. In this work, we introduce PromptCoT, a novel approach for automatically generating high-quality Olympiad-level math problems. The proposed method synthesizes complex problems based on mathematical concepts and the rationale behind problem construction, emulating the thought processes of experienced problem designers. We provide a theoretical analysis demonstrating that an optimal rationale should maximize both the likelihood of rationale generation given the associated concepts and the likelihood of problem generation conditioned on both the rationale and the concepts. Our method is evaluated on standard benchmarks including GSM8K, MATH-500, and AIME2024, where it consistently outperforms existing problem generation methods. Furthermore, we demonstrate that PromptCoT exhibits superior scalability, consistently maintaining high performance as the dataset size increases, outperforming the baselines.",2025,NEGATIVE,
2025.findings-acl.995,kim-etal-2025-tree,0,Tree-of-Prompts: Abstracting Control-Flow for Prompt Optimization,"Prompt optimization (PO) generates prompts to guide Large Language Models (LLMs) in performing tasks. Existing methods, such as PromptAgent, rely on a single static prompt, which struggles with disjoint cases in complex tasks. Although MoP uses multiple prompts, it fails to account for variations in task complexity. Inspired by programmatic control flow, we introduce a nested if-else structure to address both varying similarities and complexities across diverse cases. We propose Tree-of-Prompts (ToP), which implements this structure by recursively expanding child prompts from a parent prompt. Sibling prompts tackle disjoint cases while inheriting shared similarities from their parent, and handle cases more complex than the parent. Evaluated on Gorilla (understanding), MATH (reasoning), and a subset of BBH benchmarks, ToP outperforms PromptAgent and MoP, with improvements of 1.4% and 4.6% over PromptAgent and 3.2% and 4.5% over MoP, when tested with GPT-4o-mini and Llama 3.2-3B, respectively.",2025,NEGATIVE,
2025.findings-acl.1053,micallef-borg-2025-melabenchv1,1,MELABenchv1: Benchmarking Large Language Models against Smaller Fine-Tuned Models for Low-Resource Maltese NLP,"Large Language Models (LLMs) have demonstrated remarkable performance across various Natural Language Processing (NLP) tasks, largely due to their generalisability and ability to perform tasks without additional training. However, their effectiveness for low-resource languages remains limited. In this study, we evaluate the performance of 55 publicly available LLMs on Maltese, a low-resource language, using a newly introduced benchmark covering 11 discriminative and generative tasks. Our experiments highlight that many models perform poorly, particularly on generative tasks, and that smaller fine-tuned models often perform better across all tasks. From our multidimensional analysis, we investigate various factors impacting performance. We conclude that prior exposure to Maltese during pre-training and instruction-tuning emerges as the most important factor. We also examine the trade-offs between fine-tuning and prompting, highlighting that while fine-tuning requires a higher initial cost, it yields better performance and lower inference costs. Through this work, we aim to highlight the need for more inclusive language technologies and recommend for researchers working with low-resource languages to consider more “traditional” language modelling approaches.",2025,UNSURE,Multi-task benchmark for low-resource Maltese NLP comparing LLMs to fine-tuned models across diverse tasks
2025.findings-acl.1064,huang-etal-2025-reverse,0,Reverse Preference Optimization for Complex Instruction Following,"Instruction following (IF) is a critical capability for large language models (LLMs). However, handling complex instructions with multiple constraints remains challenging. Previous methods typically select preference pairs based on the number of constraints they satisfy, introducing noise where chosen examples may fail to follow some constraints and rejected examples may excel in certain respects over the chosen ones. To address the challenge of aligning with multiple preferences, we propose a simple yet effective method called Reverse Preference Optimization (RPO). It mitigates noise in preference pairs by dynamically reversing the constraints within the instruction to ensure the chosen response is perfect, alleviating the burden of extensive sampling and filtering to collect perfect responses. Besides, reversal also enlarges the gap between chosen and rejected responses, thereby clarifying the optimization direction and making it more robust to noise. We evaluate RPO on two multi-turn IF benchmarks, Sysbench and Multi-IF, demonstrating average improvements over the DPO baseline of 4.6 and 2.5 points (on Llama-3.1 8B), respectively. Moreover, RPO scales effectively across model sizes (8B to 70B parameters), with the 70B RPO model surpassing GPT-4o.",2025,NEGATIVE,
2025.findings-acl.1176,pancholi-etal-2025-tabxeval,1,TabXEval: Why this is a Bad Table? An eXhaustive Rubric for Table Evaluation,"Evaluating tables qualitatively and quantitatively poses a significant challenge, as standard metrics often overlook subtle structural and content-level discrepancies. To address this, we propose a rubric-based evaluation framework that integrates multi-level structural descriptors with fine-grained contextual signals, enabling more precise and consistent table comparison. Building on this, we introduce TabXEval, an eXhaustive and eXplainable two-phase evaluation framework. TabXEval first aligns reference and predicted tables structurally via TabAlign, then performs semantic and syntactic comparison using TabCompare, offering interpretable and granular feedback. We evaluate TabXEval on TabXBench, a diverse, multi-domain benchmark featuring realistic table perturbations and human annotations. A sensitivity-specificity analysis further demonstrates the robustness and explainability of TabXEval across varied table tasks. Code and data are available at https://corallab- asu.github.io/tabxeval/.",2025,NEGATIVE,
2025.findings-acl.1325,semnani-etal-2025-lemonade,1,LEMONADE: A Large Multilingual Expert-Annotated Abstractive Event Dataset for the Real World,"This paper presents LEMONADE, a large-scale conflict event dataset comprising 39,786 events across 20 languages and 171 countries, with extensive coverage of region-specific entities. LEMONADE is based on a partially reannotated subset of the Armed Conflict Location & Event Data (ACLED), which has documented global conflict events for over a decade.To address the challenge of aggregating multilingual sources for global event analysis, we introduce abstractive event extraction (AEE) and its subtask, abstractive entity linking (AEL). Unlike conventional span-based event extraction, our approach detects event arguments and entities through holistic document understanding and normalizes them across the multilingual dataset. We evaluate various large language models (LLMs) on these tasks, adapt existing zero-shot event extraction systems, and benchmark supervised models. Additionally, we introduce ZEST, a novel zero-shot retrieval-based system for AEL.Our best zero-shot system achieves an end-to-end F1 score of 58.3%, with LLMs outperforming specialized event extraction models such as GoLLIE. For entity linking, ZEST achieves an F1 score of 45.7%, significantly surpassing OneNet, a state-of-the-art zero-shot baseline that achieves only 23.7%. However, these zero-shot results lag behind the best supervised systems by 20.1% and 37.0% in the end-to-end and AEL tasks, respectively, highlighting the need for further research.",2025,NEGATIVE,
2025.findings-emnlp.62,zhang-etal-2025-english,0,English as Defense Proxy: Mitigating Multilingual Jailbreak via Eliciting English Safety Knowledge,"Large language models (LLMs) excel in many tasks, but their safety guarantees vary by language, e.g., responses in English tend to be safer than those in low-resource languages. This inconsistency creates a vulnerability, since an attacker can circumvent safety measures by using a less-supported language as an intermediary, even without fluency in that language. Traditional solutions rely on multilingual safety alignment, which demands vast, per-language datasets and introduces significant trade-offs between usefulness and safety (the so-called “alignment tax”). To overcome these limitations, we introduce English as Defense Proxy (E-Proxy), a unified approach that leverages English, usually the advantage language of LLMs, as a universal safety anchor. During multilingual training, E-Proxy uses English jailbreak prompts to extract the model’s existing safety knowledge, then applies simple language-mapping prompts (e.g., “Please answer in target language”) to transfer that knowledge across languages. Our analysis shows that formulating prompts in a high-resource language preserves the model’s utility, while enforcing responses in the target language significantly enhances safety. We evaluate E-Proxy on extensive benchmarks of both attack resistance and task performance. On the MultiJail benchmark, E-Proxy blocks over 99 % of jailbreak attempts while retaining 95 % of average task performance, all with a simply constructed multilingual alignment data.",2025,NEGATIVE,
2025.findings-emnlp.98,liu-etal-2025-data-language,0,Data or Language Supervision: What Makes CLIP Better than DINO?,"CLIP outperforms self-supervised models like DINO as vision encoders for vision-language models (VLMs), but it remains unclear whether this advantage stems from CLIP’s language supervision or its much larger training data. To disentangle these factors, we pre-train CLIP and DINO under controlled settings—using the same architecture, dataset, and training configuration—achieving similar ImageNet accuracy. Embedding analysis shows that CLIP captures high-level semantics (e.g., object categories, text), while DINO is more responsive to low-level features like colors and styles. When integrated into VLMs and evaluated on 20 VQA benchmarks, CLIP excels at text-intensive tasks, while DINO slightly outperforms on vision-centric ones. Variants of language supervision (e.g., sigmoid loss, pre-trained language encoders) yield limited gains. Our findings provide scientific insights into vision encoder design and its impact on VLM performance.",2025,NEGATIVE,
2025.findings-emnlp.203,mittal-etal-2025-recast,0,RECAST: Retrieval-Augmented Contextual ASR via Decoder-State Keyword Spotting,"Contextual biasing in ASR systems is critical for recognizing rare, domain-specific terms but becomes impractical with large keyword dictionaries due to prompt size and latency constraints. We present RECAST–a lightweight retrieval-augmented approach that repurposes decoder states of a pretrained ASR model to retrieve relevant keywords without requiring audio exemplars. RECAST introduces a contrastively trained retriever that aligns decoder-state embeddings with textual keyword representations, enabling fast token-level retrieval over large dictionaries. Retrieved keywords are ranked and formatted into a prompt to guide a downstream speech language model. Trained solely on LibriSpeech and evaluated on out-of-domain benchmarks covering up to 4,000 keywords across diverse domains, RECAST consistently outperforms full-list prompt biasing and strong phonetic/text baselines. It achieves up to 54.3% relative reduction in entity WER and 41.3% overall WER improvement over the baseline, along with up to 2.5x higher recall in challenging settings. Furthermore, RECAST remains effective for diverse languages such as Hindi, demonstrating its scalability, language-agnostic design, and practicality for real-world contextual ASR.",2025,NEGATIVE,
2025.findings-emnlp.305,abdallah-etal-2025-good,1,How Good are LLM-based Rerankers? An Empirical Analysis of State-of-the-Art Reranking Models,"In this work, we present a systematic and comprehensive empirical evaluation of state-of-the-art reranking methods, encompassing large language model (LLM)-based, lightweight contextual, and zero-shot approaches, with respect to their performance in information retrieval tasks. We evaluate in total 22 methods, including 40 variants (depending on used LLM) across several established benchmarks, including TREC DL19, DL20, and BEIR, as well as a novel dataset designed to test queries unseen by pretrained models. Our primary goal is to determine, through controlled and fair comparisons, whether a performance disparity exists between LLM-based rerankers and their lightweight counterparts, particularly on novel queries, and to elucidate the underlying causes of any observed differences. To disentangle confounding factors, we analyse the effects of training data overlap, model architecture, and computational efficiency on reranking performance. Our findings indicate that while LLM-based rerankers demonstrate superior performance on familiar queries, their generalisation ability to novel queries varies, with lightweight models offering comparable efficiency. We further identify that the novelty of queries significantly impacts reranking effectiveness, highlighting limitations in existing approaches.",2025,NEGATIVE,
2025.findings-emnlp.447,slobodkin-etal-2025-refvnli,0,RefVNLI: Towards Scalable Evaluation of Subject-driven Text-to-image Generation,"Subject-driven text-to-image (T2I) generation aims to produce images that align with a given textual description, while preserving the visual identity from a referenced subject image. Despite its broad downstream applicability—ranging from enhanced personalization in image generation to consistent character representation in video rendering—progress in this field is limited by the lack of reliable automatic evaluation. Existing methods either assess only one aspect of the task (i.e., textual alignment or subject preservation), misalign with human judgments, or rely on costly API-based evaluation. To address this gap, we introduce RefVNLI, a cost-effective metric that evaluates both textual alignment and subject preservation in a single run. Trained on a large-scale dataset derived from video-reasoning benchmarks and image perturbations, RefVNLI outperforms or statistically matches existing baselines across multiple benchmarks and subject categories (e.g., Animal, Object), achieving up to 6.4-point gains in textual alignment and 5.9-point gains in subject preservation.",2025,NEGATIVE,
2025.findings-emnlp.564,qian-etal-2025-agentthink,0,AgentThink: A Unified Framework for Tool-Augmented Chain-of-Thought Reasoning in Vision-Language Models for Autonomous Driving,"Vision-Language Models (VLMs) show promise for autonomous driving, yet their struggle with hallucinations, inefficient reasoning, and limited real-world validation hinders accurate perception and robust step-by-step reasoning. To overcome this, we introduce AgentThink, a pioneering unified framework that, for the first time, integrates Chain-of-Thought (CoT) reasoning with dynamic, agent-style tool invocation for autonomous driving tasks. AgentThink’s core innovations include: (i) Structured Data Generation, by establishing an autonomous driving tool library to automatically construct structured, self-verified reasoning data explicitly incorporating tool usage for diverse driving scenarios; (ii) A Two-stage Training Pipeline, employing Supervised Fine-Tuning (SFT) with Group Relative Policy Optimization (GRPO) to equip VLMs with the capability for autonomous tool invocation; and (iii) Agent-style Tool-Usage Evaluation, introducing a novel multi-tool assessment protocol to rigorously evaluate the model’s tool invocation and utilization. Experiments on the DriveLMM-o1 benchmark demonstrate AgentThink significantly boosts overall reasoning scores by 53.91% and enhances answer accuracy by 33.54%, while markedly improving reasoning quality and consistency. Furthermore, ablation studies and robust zero-shot/few-shot generalization experiments across various benchmarks underscore its powerful capabilities. These findings highlight a promising trajectory for developing trustworthy and tool-aware autonomous driving models.",2025,NEGATIVE,
2025.findings-emnlp.574,cui-etal-2025-self,0,Self-Guided Function Calling in Large Language Models via Stepwise Experience Recall,"Function calling enables large language models (LLMs) to interact with external systems by leveraging tools and APIs. When faced with multi-step tool usage, LLMs still struggle with tool selection, parameter generation, and tool-chain planning. Existing methods typically rely on manually designing task-specific demonstrations, or retrieving from a curated library. These approaches demand substantial expert effort and prompt engineering becomes increasingly complex and inefficient as tool diversity and task difficulty scale. To address these challenges, we propose a self-guided method, Stepwise ExperiencE Recall (SEER), which performs fine-grained, stepwise retrieval from a continually updated experience pool. Instead of relying on static or manually curated library, SEER incrementally augments the experience pool with past successful trajectories, enabling continuous expansion of the pool and improved model performance over time. Evaluated on the ToolQA benchmark, SEER achieves an average improvement of 6.1% on easy and 4.7% on hard questions. We further test SEER on 𝜏-bench, which includes two real-world domains. Powered by Qwen2.5-7B and Qwen2.5-72B models, SEER demonstrates substantial accuracy gains of 7.44% and 23.38%, respectively.",2025,NEGATIVE,
2025.findings-emnlp.581,poiroux-etal-2025-rlmeval,1,RLMEval: Evaluating Research-Level Neural Theorem Proving,"Despite impressive results on curated benchmarks, the practical impact of large language models (LLMs) on research-level neural theorem proving and proof autoformalization is still limited. We introduce RLMEval, an evaluation suite for these tasks, focusing on research-level mathematics from real-world Lean formalization projects. RLMEval targets the evaluation of neural theorem proving and proof autoformalization on challenging research-level theorems by leveraging real Lean Blueprint formalization projects. Our evaluation of state-of-the-art models on RLMEval, comprising 613 theorems from 6 Lean projects, reveals a significant gap: progress on existing benchmarks does not readily translate to these more realistic settings, with the best model achieving only a 10.3% pass rate. RLMEval provides a new, challenging benchmark designed to guide and accelerate progress in automated reasoning for formal mathematics.",2025,NEGATIVE,
2025.findings-emnlp.597,shachar-etal-2025-ner,0,NER Retriever: Zero-Shot Named Entity Retrieval with Type-Aware Embeddings,"We present NER Retriever, a zero-shot retrieval framework for ad-hoc Named Entity Recognition (NER), where a user-defined type description is used to retrieve documents mentioning entities of that type. Instead of relying on fixed schemas or fine-tuned models, our method builds on pretrained language models (LLMs) to embed both entity mentions and type descriptions into a shared semantic space. We show that internal representations—specifically, the value vectors from mid-layer transformer blocks—encode fine-grained type information more effectively than commonly used top-layer embeddings. To refine these representations, we train a lightweight contrastive projection network that aligns type-compatible entities while separating unrelated types. The resulting entity embeddings are compact, type-aware, and well-suited for nearest-neighbor search. Evaluated on three benchmarks, NER Retriever significantly outperforms both lexical (BM25) and dense (sentence-level) retrieval baselines, particularly in low-context settings. Our findings provide empirical support for representation selection within LLMs and demonstrate a practical solution for scalable, schema-free entity retrieval.",2025,NEGATIVE,
2025.findings-emnlp.740,lan-etal-2025-llave,0,LLaVE: Large Language and Vision Embedding Models with Hardness-Weighted Contrastive Learning,"Universal multimodal embedding models play a critical role in tasks such as interleaved image-text retrieval, multimodal RAG, and multimodal clustering. However, our empirical results indicate that existing LMM-based embedding models trained with the standard InfoNCE loss exhibit a high degree of overlap in similarity distribution between positive and negative pairs, making it challenging to distinguish hard negative pairs effectively. To deal with this issue, we propose a simple yet effective framework that dynamically improves the embedding model’s representation learning for negative pairs based on their discriminative difficulty. Within this framework, we train a series of models, named LLaVE, and evaluate them on the MMEB benchmark, which covers 4 meta-tasks and 36 datasets. Experimental results show that LLaVE establishes stronger baselines that achieve state-of-the-art (SOTA) performance while demonstrating strong scalability and efficiency. Specifically, LLaVE-2B surpasses the previous SOTA 7B models, while LLaVE-7B achieves a further performance improvement of 6.2 points. Although LLaVE is trained on image-text data, it can generalize to text-video retrieval tasks in a zero-shot manner and achieve strong performance, demonstrating its remarkable potential for transfer to other embedding tasks.",2025,NEGATIVE,
2025.findings-emnlp.801,yamakoshi-etal-2025-evaluating,0,Evaluating distillation methods for data-efficient syntax learning,"Data-efficient training requires strong inductive biases. To the extent that transformer attention matrices encode syntactic relationships, we would predict that knowledge distillation (KD) targeting attention should selectively accelerate syntax acquisition relative to conventional logit-based KD. To test this hypothesis, we train GPT-2 student models on datasets ranging from 10K to 5M sentences using both distillation methods, evaluating them on both syntactic benchmarks and perplexity. Surprisingly, while logit-based KD dramatically improves data-efficiency, attention-based KD provides minimal benefit even for syntactic tasks. This suggests that output distributions provide sufficient supervisory signal for syntax acquisition, indicating that syntactic knowledge may be distributed throughout the network rather than localized in attention patterns.",2025,NEGATIVE,
2025.findings-emnlp.816,olpadkar-etal-2025-llms,0,Can LLMs Be Efficient Predictors of Conversational Derailment?,"Conversational derailment — when online discussions stray from their intended topics due to toxic or inappropriate remarks — is a common issue on online platforms. These derailments can have negative impacts on users and the online community. While previous work has focused on post hoc identification of toxic content, recent efforts emphasize proactive prediction of derailments before they occur, enabling early moderation. However, forecasting derailment is difficult due to the context-dependent emergence of toxicity and the need for timely alerts. We prompt pre-trained large language models (LLMs) to predict conversational derailment without task-specific fine-tuning. We compare a range of prompting strategies, including chain-of-thought reasoning (CoT) and few-shot exemplars, across small and large scale models, and evaluate their performance and inference-cost trade-offs on derailment benchmarks. Our experiments show that the best prompting configuration attains state-of-the-art performance, and forecasts derailments earlier than existing approaches. These results demonstrate that LLMs, even without fine-tuning, can serve as an effective tool for proactive conversational moderation.",2025,NEGATIVE,
2025.findings-emnlp.963,poterti-etal-2025-role,0,Can Role Vectors Affect LLM Behaviour?,"The influence of personas on Large Language Models (LLMs) has been widely studied, yet their direct impact on performance remains uncertain. This work explores a novel approach to guiding LLM behaviour through role vectors, an alternative to persona-based prompting. We construct 29 role vectors derived from model activations and evaluate their impact on benchmark performance across multiple domains. Our analysis investigates whether these vectors can effectively steer models toward domain-specific expertise. We measure two key interventions: (i) activation addition, which reinforces role-specific directions, and (ii) directional ablation, which removes them. Results on well-established benchmarks indicate that role vectors do, in fact, influence model behaviour, improving in-domain task performance while also yielding unexpected cross-domain gains.This, in turn, suggests that manipulating internal model representations has a greater impact on outcomes than persona-based prompting.",2025,NEGATIVE,
2025.findings-emnlp.1025,deng-yang-2025-maskcd,0,MaskCD: Mitigating LVLM Hallucinations by Image Head Masked Contrastive Decoding,"Large vision-language models (LVLMs) have shown remarkable performance in visual-language understanding for downstream multimodal tasks. While their capabilities are improving, problems emerge simultaneously. Among those problems, the hallucinations have attracted much attention, which stands for the phenomenon where LVLMs generate contradictory content to their input visual and text contents. Many approaches have been proposed to deal with this issue, such as contrastive decoding and attention manipulation. However, contrastive decoding methods struggle in constructing appropriate contrastive samples, and attention manipulation methods are highly sensitive, lacking stability. In this work, we propose image head Masked Contrastive Decoding (MaskCD). Our approach utilizes the “image heads” in LVLMs, masking them to construct contrastive samples for contrastive decoding. We evaluated MaskCD on LLaVA-1.5-7b and Qwen-VL-7b, using various benchmarks such as CHAIR, POPE, AMBER and MME. The results demonstrate that MaskCD effectively alleviates the phenomenon of hallucinations and retains the general capabilities of LVLMs. Corresponding resources could be found at: https://github.com/Deng-Jingyuan/MaskCD.",2025,NEGATIVE,
2025.findings-emnlp.1103,qi-etal-2025-models,0,When Models Reason in Your Language: Controlling Thinking Language Comes at the Cost of Accuracy,"Recent Large Reasoning Models (LRMs) with thinking traces have shown strong performance on English reasoning tasks. However, the extent to which LRMs can think in other languages is less studied. This is as important as answer accuracy for real-world applications since users may find the thinking trace useful for oversight only if expressed in their languages. In this work, we comprehensively evaluate two leading families of LRMs on our established benchmark XReasoning. Surprisingly, even the most advanced models often revert to English or produce fragmented reasoning in other languages, revealing a substantial gap in the capability of thinking in non-English languages. Promoting models to reason in the user’s language via prompt hacking enhances readability and oversight. This could gain user trust, but reduces answer accuracy, exposing an important trade-off. We further demonstrate that targeted post-training, even with just 100 instances, can mitigate this language mismatch, although accuracy is still degraded. Our results reveal the limited multilingual reasoning capabilities of current LRMs and suggest directions for future research. All code and datasets are released at https://github.com/Betswish/mCoT-XReasoning.",2025,NEGATIVE,
2025.findings-emnlp.1233,yu-etal-2025-mexa,0,MEXA: Towards General Multimodal Reasoning with Dynamic Multi-Expert Aggregation,"Combining pre-trained expert models offers substantial potential for scalable multimodal reasoning, but building a unified framework remains challenging due to the increasing diversity of input modalities and task complexity. For instance, medical diagnosis requires precise reasoning over structured clinical tables, while financial forecasting depends on interpreting plot-based data to make informed predictions. To tackle this challenge, we introduce MEXA, a training-free framework that performs modality- and task-aware aggregation of multiple expert models to enable effective multimodal reasoning across diverse and distinct domains. MEXA dynamically selects expert models based on the input modality and the task-specific reasoning demands (i.e., skills). Each expert model, specialized in a modality task pair, generates interpretable textual reasoning outputs. MEXA then aggregates and reasons over these outputs using a Large Reasoning Model (LRM) to produce the final answer. This modular design allows flexible and transparent multimodal reasoning across diverse domains without additional training overhead. We extensively evaluate our approach on diverse multimodal benchmarks, including Video Reasoning, Audio Reasoning, 3D Understanding, and Medical QA. MEXA consistently delivers performance improvements over strong multimodal baselines, highlighting the effectiveness and broad applicability of our expert-driven selection and aggregation in diverse multimodal reasoning tasks.",2025,NEGATIVE,
2025.findings-emnlp.1258,wang-etal-2025-agentvigil,0,AGENTVIGIL: Automatic Black-Box Red-teaming for Indirect Prompt Injection against LLM Agents,"There emerges a critical security risk of LLM agents: indirect prompt injection, a sophisticated attack vector that compromises thecore of these agents, the LLM, by manipulating contextual information rather than direct user prompts. In this work, we propose a generic black-box optimization framework, AGENTVIGIL, designed to automatically discover and exploit indirect prompt injection vulnerabilities across diverse LLM agents. Our approach starts by constructing a high-quality initial seed corpus, then employs a seed selectionalgorithm based on Monte Carlo Tree Search (MCTS) to iteratively refine inputs, therebymaximizing the likelihood of uncovering agent weaknesses. We evaluate AGENTVIGIL on twopublic benchmarks, AgentDojo and VWA-adv, where it achieves 71% and 70% success rates against agents based on o3-mini and GPT-4o, respectively, nearly doubling the performance of handcrafted baseline attacks. Moreover, AGENTVIGIL exhibits strong transferability across unseen tasks and internal LLMs, as well as promising results against defenses. Beyondbenchmark evaluations, we apply our attacks in real-world environments, successfully misleading agents to navigate to arbitrary URLs,including malicious sites.",2025,NEGATIVE,
2025.findings-emnlp.1328,khiem-etal-2025-agentdrug,0,AgentDrug: Utilizing Large Language Models in an Agentic Workflow for Zero-Shot Molecular Optimization,"Molecular optimization—modifying a given molecule to improve desired properties—is a fundamental task in drug discovery. While LLMs hold the potential to solve this task using natural language to drive the optimization, straightforward prompting achieves limited accuracy. In this work, we propose AgentDrug, an agentic workflow that leverages LLMs in a structured refinement process to achieve significantly higher accuracy. AgentDrug defines a nested refinement loop: the inner loop uses feedback from cheminformatics toolkits to validate molecular structures, while the outer loop guides the LLM with generic feedback and a gradient-based objective to steer the molecule toward property improvement. We evaluate AgentDrug on benchmarks with both single- and multi-property optimization under loose and strict thresholds. Results demonstrate significant performance gains over previous methods. With Qwen-2.5-3B, AgentDrug improves accuracy by 20.7% (loose) and 16.8% (strict) on six single-property tasks, and by 7.0% and 5.3% on eight multi-property tasks. With larger model Qwen-2.5-7B, AgentDrug further improves accuracy on 6 single-property objectives by 28.9% (loose) and 29.0% (strict), and on 8 multi-property objectives by 14.9% (loose) and 13.2% (strict).",2025,NEGATIVE,
2025.findings-emnlp.1352,zhao-etal-2025-mitigating,0,Mitigating Hallucination in Large Vision-Language Models through Aligning Attention Distribution to Information Flow,"Due to the unidirectional masking mechanism, Decoder-Only models propagate information from left to right. LVLMs (Large Vision-Language Models) follow the same architecture, with visual information gradually integrated into semantic representations during forward propagation. Through systematic analysis, we observe that over 80% of the visual information is absorbed into the semantic representations. However, the model’s attention still predominantly focuses on the visual representations. This misalignment between the attention distribution and the actual information flow undermines the model’s visual understanding ability and contributes to hallucinations.To address this issue, we enhance the model’s visual understanding by leveraging the core information embedded in semantic representations. Specifically, we identify attention heads that focus on core semantic representations based on their attention distributions. Then, through a two-stage optimization paradigm, we propagate the advantages of these attention heads across the entire model, aligning the attention distribution with the actual information flow.We evaluate our method on three image captioning benchmarks using five different LVLMs,demonstrating its effectiveness in significantly reducing hallucinations. Further experiments reveal a trade-off between reduced hallucinations and richer details. Notably, our method allows for manual adjustment of the model’s conservativeness, enabling flexible control to meet diverse real-world requirements.",2025,NEGATIVE,
2025.findings-emnlp.1384,ji-lu-2025-reflair,0,ReFLAIR: Enhancing Multimodal Reasoning via Structured Reflection and Reward-Guided Learning,"Large models can achieve higher performance on complex problems through iterative self-reflection. Yet when reflection is uncontrolled, it often leads to longer outputs, higher inference cost, and an increased risk of hallucination. Existing training methods rarely address this trade off. We introduce ReFLAIR, a unified framework that teaches multimodal large models to perform structured reflection via an explicit $think re-think answer $ format and hybrid reward learning. ReFLAIR begins with supervised cold start training on the ReFLAIR-cold dataset of curated multimodal reasoning trajectories, and then trains a Reflection Quality Scorer (RQS) to quantify the utility of rethinking steps. A modified Group Relative Policy Optimization algorithm optimizes a hybrid reward that combines answer correctness, structural fidelity, reflection utility, and sample difficulty. Evaluated on challenging mathematical benchmarks including MathVista, MathVerse, MM-Math and GSM8K, ReFLAIR yields improvements up to +12.2% absolute accuracy, produces higher quality reflective traces, and reduces harmful or redundant revisions. An adaptive test time reflection scheduler further reduces inference cost by nearly 23% while maintaining or improving accuracy. These results demonstrate that structured, reward guided reflection offers a scalable pathway to more reliable and interpretable reasoning in multimodal models.",2025,NEGATIVE,
2025.findings-emnlp.1386,yu-etal-2025-sta,1,STA-CoT: Structured Target-Centric Agentic Chain-of-Thought for Consistent Multi-Image Geological Reasoning,"Reliable multi-image geological reasoning is essential for automating expert tasks in remote-sensing mineral exploration, yet remains challenging for multimodal large language models (MLLMs) due to the need for locating target areas, accurate cross-image referencing, and consistency over long reasoning chains. We propose STA-CoT, a Structured Target-centric Agentic Chain-of-Thought framework that orchestrates planning, execution, and verification agents to decompose, ground, and iteratively refine reasoning steps over geological and hyperspectral image sets. By aligning each reasoning step to specific image target areas and enforcing consistency through agentic verification and majority voting, STA-CoT robustly mitigates tool errors, long-chain inconsistencies, and error propagation. We rigorously evaluate STA-CoT on MineBench, a dedicated benchmark for multi-image mineral exploration, demonstrating substantial improvements over existing multimodal chain-of-thought and agentic baselines. Our results establish STA-CoT as a reliable and robust solution for consistent multi-image geological reasoning, advancing automated scientific discovery in mineral exploration.",2025,NEGATIVE,
2025.naacl-long.12,snegirev-etal-2025-russian,1,The Russian-focused embedders’ exploration: ruMTEB benchmark and Russian embedding model design,"Embedding models play a crucial role in Natural Language Processing (NLP) by creating text embeddings used in various tasks such as information retrieval and assessing semantic text similarity. This paper focuses on research related to embedding models in the Russian language. It introduces a new Russian-focused embedding model called ru-en-RoSBERTa and the ruMTEB benchmark, the Russian version extending the Massive Text Embedding Benchmark (MTEB). Our benchmark includes seven categories of tasks, such as semantic textual similarity, text classification, reranking, and retrieval.The research also assesses a representative set of Russian and multilingual models on the proposed benchmark. The findings indicate that the new model achieves results that are on par with state-of-the-art models in Russian. We release the model ru-en-RoSBERTa, and the ruMTEB framework comes with open-source code, integration into the original framework and a public leaderboard.",2025,UNSURE,"Russian MTEB embedding benchmark includes classification as one evaluation dimension among retrieval, similarity, etc."
2025.naacl-long.14,thakur-etal-2025-mirage,1,MIRAGE-Bench: Automatic Multilingual Benchmark Arena for Retrieval-Augmented Generation Systems,"Traditional retrieval-augmented generation (RAG) benchmarks evaluate systems using heuristic-based metrics, but these require human preferences as the ground truth for reference. In contrast, arena-based benchmarks, where systems compete against each other, require an expensive large language model (LLM) as a judge for a reliable evaluation. We present a simple efficient technique to combine the best of both worlds. The idea is to train a surrogate judge using heuristic metrics as input, to output the LLM as a judge prediction.In our work, we develop MIRAGE-Bench, a synthetic arena-based RAG benchmark for 18 diverse languages on Wikipedia focused on multilingual answer generation evaluation. It extensively couples both heuristic features and LLM as a judge for evaluation. We benchmark 19 multilingual LLMs, and observe a high correlation (Kendall Tau (𝜏) = 0.909) using our surrogate judge and between GPT-4o as a teacher using the Bradley-Terry framework. Our results show proprietary and large open-source LLMs currently dominate on MIRAGE-Bench. Our code and datasets are made publicly available here: https://github.com/vectara/mirage-bench.",2025,NEGATIVE,
2025.naacl-long.57,maurya-etal-2025-unifying,1,Unifying AI Tutor Evaluation: An Evaluation Taxonomy for Pedagogical Ability Assessment of LLM-Powered AI Tutors,"In this paper, we investigate whether current state-of-the-art large language models (LLMs) are effective as AI tutors and whether they demonstrate pedagogical abilities necessary for good AI tutoring in educational dialogues. Previous efforts towards evaluation have beenlimited to subjective protocols and benchmarks. To bridge this gap, we propose a unified evaluation taxonomy with eight pedagogical dimensions based on key learning sciences principles, which is designed to assess the pedagogical value of LLM-powered AI tutor responses grounded in student mistakes or confusions in the mathematical domain. We release MRBench – a new evaluation benchmark containing 192 conversations and 1,596 responses from seven state-of-the-art LLM-based and human tutors, providing gold annotations for eight pedagogical dimensions. We assess reliability of the popular Prometheus2 and Llama-3.1-8B LLMs as evaluators and analyze each tutor’s pedagogical abilities, highlighting which LLMs are good tutors and which ones are more suitable as question-answering systems. We believe that the presented taxonomy, benchmark, and human-annotated labels will streamline the evaluation process and help track the progress in AI tutors’ development.",2025,NEGATIVE,
2025.naacl-long.137,li-etal-2025-alert,1,ALERT: An LLM-powered Benchmark for Automatic Evaluation of Recommendation Explanations,"Recommendation explanation systems have become increasingly vital with the widespread adoption of recommender systems. However, existing recommendation explanation evaluation benchmarks suffer from limited item diversity, impractical user profiling requirements, and unreliable and unscalable evaluation protocols. We present ALERT, a model-agnostic recommendation explanation evaluation benchmark. The benchmark comprises three main contributions: 1) a diverse dataset encompassing 15 Amazon e-commerce categories with 2,761 user-item interactions, incorporating implicit preferences through purchase histories;2) two novel LLM-powered automatic evaluators that enable scalable and human-preference aligned evaluation of explanations; and 3) a robust divide-and-aggregate approach that synthesizes multiple LLM judgments, achieving 70% concordance with expert human evaluation and substantially outperforming existing methods.ALERT facilitates comprehensive evaluation of recommendation explanations across diverse domains, advancing the development of more effective explanation systems.",2025,NEGATIVE,
2025.naacl-long.139,adelani-etal-2025-irokobench,1,IrokoBench: A New Benchmark for African Languages in the Age of Large Language Models,"Despite the widespread adoption of Large language models (LLMs), their remarkable capabilities remain limited to a few high-resource languages. Additionally, many low-resource languages (e.g. African languages) are often evaluated only on basic text classification tasks due to the lack of appropriate or comprehensive benchmarks outside of high-resource languages. In this paper, we introduce IrokoBench—a human-translated benchmark dataset for 17 typologically-diverse low-resource African languages covering three tasks: natural language inference(AfriXNLI), mathematical reasoning(AfriMGSM), and multi-choice knowledge-based QA(AfriMMLU). We use IrokoBench to evaluate zero-shot, few-shot, and translate-test settings(where test sets are translated into English) across 10 open and four proprietary LLMs. Our evaluation reveals a significant performance gap between high-resource languages (such as English and French) and low-resource African languages. We observe a significant performance gap between open and proprietary models, with the highest performing open model, Gemma 2 27B only at 63% of the best-performing proprietary model GPT-4o performance. Machine translating the test set to English before evaluation helped to close the gap for larger models that are English-centric, like Gemma 2 27B and LLaMa 3.1 70B. These findings suggest that more efforts are needed to develop and adapt LLMs for African languages.",2025,UNSURE,Multi-task benchmark for African languages likely including classification among other task types
2025.naacl-long.149,trevino-etal-2025-benchmarking,1,Benchmarking Failures in Tool-Augmented Language Models,"The integration of tools has extended the capabilities of language models (LMs) beyond vanilla text generation to versatile scenarios. However, tool-augmented language models (TaLMs) often assume ‘perfect’ information access and tool availability, which may not hold in the real world. To systematically study TaLMs imperfections, we introduce the FAIL-TaLMs benchmark, featuring two major failures: under-specified user queries and non-available tools. FAIL-TaLMS contains 1,749 examples using 906 tools across 21 categories, including single- and multi-tool usage. We evaluate top-performing proprietary and open-source models, and find all current models except for Claude struggle to recognize missing tools or information. Further, to study possible mitigation of the failures, we enable real-time human interaction, named the Ask-and-Help method, to provide missing information or replace non-functional tools. While Ask-and-Help can help models solve tasks more correctly when queries are under-specified, it brings minimal benefit when complex tools are broken.",2025,NEGATIVE,
2025.naacl-long.158,hou-etal-2025-probabilistic,0,A Probabilistic Framework for LLM Hallucination Detection via Belief Tree Propagation,"We describe Belief Tree Propagation (BTProp), a probabilistic framework for LLM hallucination detection. To judge the truth of a statement, BTProp generates a belief tree by recursively expanding the initial statement into a set of logically related claims, then reasoning globally about the relationships between these claims. BTProp works by constructing a probabilistic model of the LM itself: it reasons jointly about logical relationships between claims and relationships between claim probabilities and LM factuality judgments via probabilistic inference in a “hidden Markov tree”. This method improves over state-of-the-art baselines by 3%-9% (evaluated by AUROC and AUC-PR) on multiple hallucination detection benchmarks.",2025,NEGATIVE,
2025.naacl-long.159,li-hao-2025-eras,1,ERAS: Evaluating the Robustness of Chinese NLP Models to Morphological Garden Path Errors,"In languages without orthographic word boundaries, NLP models perform _word segmentation_, either as an explicit preprocessing step or as an implicit step in an end-to-end computation. This paper shows that Chinese NLP models are vulnerable to _morphological garden path errors_—errors caused by a failure to resolve local word segmentation ambiguities using sentence-level morphosyntactic context. We propose a benchmark, _ERAS_, that tests a model’s vulnerability to morphological garden path errors by comparing its behavior on sentences with and without local segmentation ambiguities. Using ERAS, we show that word segmentation models make morphological garden path errors on locally ambiguous sentences, but do not make equivalent errors on unambiguous sentences. We further show that sentiment analysis models with character-level tokenization make implicit garden path errors, even without an explicit word segmentation step in the pipeline. Our results indicate that models’ segmentation of Chinese text often fails to account for morphosyntactic context.",2025,NEGATIVE,
2025.naacl-long.161,davoodi-etal-2025-llms,1,LLMs Are Not Intelligent Thinkers: Introducing Mathematical Topic Tree Benchmark for Comprehensive Evaluation of LLMs,"Large language models (LLMs) demonstrate impressive capabilities in mathematical reasoning. However, despite these achievements, current evaluations are mostly limited to specific mathematical topics, and it remains unclear whether LLMs are genuinely engaging in reasoning. To address these gaps, we present the Mathematical Topics Tree (MaTT) benchmark, a challenging and structured benchmark that offers 1,958 questions across a wide array of mathematical subjects, each paired with a detailed hierarchical chain of topics. Upon assessing different LLMs using the MaTT benchmark, we find that GPT-4 achieved a mere 54% accuracy in a multiple-choice scenario. Interestingly, even when employing Chain-of-Thought prompting, we observe mostly no notable improvement. Moreover, LLMs accuracy dramatically reduced by up to 24.2 percentage point when the questions were presented without providing choices. Further detailed analysis of the LLMs’ performance across a range of topics showed significant discrepancy even for closely related subtopics within the same general mathematical area. In an effort to pinpoint the reasons behind LLMs performances, we conducted a manual evaluation of the completeness and correctness of the explanations generated by GPT-4 when choices were available. Surprisingly, we find that in only 53.3% of the instances where the model provided a correct answer, the accompanying explanations were deemed complete and accurate, i.e., the model engaged in genuine reasoning.",2025,NEGATIVE,
2025.naacl-long.166,wang-etal-2025-multimodal,1,Multimodal Needle in a Haystack: Benchmarking Long-Context Capability of Multimodal Large Language Models,"Multimodal Large Language Models (MLLMs) have shown significant promise in various applications, leading to broad interest from researchers and practitioners alike. However, a comprehensive evaluation of their long-context capabilities remains underexplored. To address these gaps, we introduce the MultiModal Needle-in-a-haystack (MMNeedle) benchmark, specifically designed to assess the long-context capabilities of MLLMs. Besides multi-image input, we employ image stitching to further increase the input context length, and develop a protocol to automatically generate labels for sub-image level retrieval. Essentially, MMNeedle evaluates MLLMs by stress-testing their capability to locate a target sub-image (needle) within a set of images (haystack) based on textual instructions and descriptions of image contents. This setup necessitates an advanced understanding of extensive visual contexts and effective information retrieval within long-context image inputs. With this benchmark, we evaluate state-of-the-art MLLMs, encompassing both API-based and open-source models. The findings reveal that GPT-4o consistently surpasses other models in long-context scenarios, but suffers from hallucination problems in negative samples, i.e., when needles are not in the haystacks. Our comprehensive long-context evaluation of MLLMs also sheds lights on the considerable performance gap between API-based and open-source models. All the code, data, and instructions required to reproduce the main results are available at https://github.com/Wang-ML-Lab/multimodal-needle-in-a-haystack.",2025,NEGATIVE,
2025.naacl-long.167,winata-etal-2025-worldcuisines,1,WorldCuisines: A Massive-Scale Benchmark for Multilingual and Multicultural Visual Question Answering on Global Cuisines,"Vision Language Models (VLMs) often struggle with culture-specific knowledge, particularly in languages other than English and in underrepresented cultural contexts. To evaluate their understanding of such knowledge, we introduce WorldCuisines, a massive-scale benchmark for multilingual and multicultural, visually grounded language understanding. This benchmark includes a visual question answering (VQA) dataset with text-image pairs across 30 languages and dialects, spanning 9 language families and featuring over 1 million data points, making it the largest multicultural VQA benchmark to date. It includes tasks for identifying dish names and their origins. We provide evaluation datasets in two sizes (12k and 60k instances) alongside a training dataset (1 million instances). Our findings show that while VLMs perform better with correct location context, they struggle with adversarial contexts and predicting specific regional cuisines and languages. To support future research, we release a knowledge base with annotated food entries and images along with the VQA data.",2025,NEGATIVE,
2025.naacl-long.185,khalighinejad-etal-2025-matvix,1,MatViX: Multimodal Information Extraction from Visually Rich Articles,"Multimodal information extraction (MIE) is crucial for scientific literature, where valuable data is often spread across text, figures, and tables. In materials science, extracting structured information from research articles can accelerate the discovery of new materials. However, the multimodal nature and complex interconnections of scientific content present challenges for traditional text-based methods. We introduce MatViX, a benchmark consisting of 324 full-length research articles and 1,688 complex structured JSON files, carefully curated by domain experts in polymer nanocomposites and biodegradation. These JSON files are extracted from text, tables, and figures in full-length documents, providing a comprehensive challenge for MIE. We introduce a novel evaluation method to assess the accuracy of curve similarity and the alignment of hierarchical structures. Additionally, we benchmark vision-language models (VLMs) in a zero-shot manner, capable of processing long contexts and multimodal inputs. Our results demonstrate significant room for improvement in current models.",2025,NEGATIVE,
2025.naacl-long.189,li-etal-2025-codetree,0,CodeTree: Agent-guided Tree Search for Code Generation with Large Language Models,"Pretrained on massive amounts of code and text data, large language models (LLMs) have demonstrated remarkable achievements in performing code generation tasks. With additional execution-based feedback, these models can act as agents with capabilities to self-refine and improve generated code autonomously. However, on challenging coding tasks with extremely large search space, current agentic approaches still struggle with multi-stage planning, generating, and debugging. To address this problem, we propose CodeTree, a framework for LLM agents to efficiently explore the search space in different stages of the code generation process. Specifically, we adopted a unified tree structure to explicitly explore different coding strategies, generate corresponding coding solutions, and subsequently refine the solutions. In each stage, critical decision-making (ranking, termination, expanding) of the exploration process is guided by both the environmental execution-based feedback and LLM-agent-generated feedback. We comprehensively evaluated CodeTree on 7 code generation benchmarks and demonstrated the significant performance gains of CodeTree against strong baselines. Using GPT-4o as the base model, we consistently achieved top results of 95.1% on HumanEval, 98.7% on MBPP, and 43.0% on CodeContests. On the challenging SWEBench benchmark, our approach led to significant performance gains, achieving a 31.9% solving rate.",2025,NEGATIVE,
2025.naacl-long.194,huang-etal-2025-crmarena,1,CRMArena: Understanding the Capacity of LLM Agents to Perform Professional CRM Tasks in Realistic Environments,"Customer Relationship Management (CRM) systems are vital for modern enterprises, providing a foundation for managing customer interactions and data. Integrating AI agents into CRM systems can automate routine processes and enhance personalized service. However, deploying and evaluating these agents is challenging due to the lack of realistic benchmarks that reflect the complexity of real-world CRM tasks. To address this issue, we introduce CRMArena, a novel benchmark designed to evaluate AI agents on realistic tasks grounded in professional work environments. Following guidance from CRM experts and industry best practices, we designed CRMArena with nine customer service tasks distributed across three personas: service agent, analyst, and manager. The benchmark includes 16 commonly used industrial objects (e.g., account, order, knowledge article, case) with high interconnectivity, along with latent variables (e.g., complaint habits, policy violations) to simulate realistic data distributions. Experimental results reveal that state-of-the-art LLM agents succeed in less than 58% of the tasks with ReAct prompting, and less than 65% even with function-calling abilities. Our findings highlight the need for enhanced agent capabilities in function-calling and rule-following to be deployed in real-world work environments.",2025,NEGATIVE,
2025.naacl-long.198,li-etal-2025-sketch2code,1,Sketch2Code: Evaluating Vision-Language Models for Interactive Web Design Prototyping,"Sketches are a natural and accessible medium for UI designers to conceptualize early-stage ideas. However, existing research on UI/UX automation often requires high-fidelity inputs like Figma designs or detailed screenshots, limiting accessibility and impeding efficient design iteration. To bridge this gap, we introduce Sketch2Code, a benchmark that evaluates state-of-the-art Vision Language Models (VLMs) on automating the conversion of rudimentary sketches into webpage prototypes. Beyond end-to-end benchmarking, Sketch2Code supports interactive agent evaluation that mimics real-world design workflows, where a VLM-based agent iteratively refines its generations by communicating with a simulated user, either passively receiving feedback instructions or proactively asking clarification questions. We comprehensively analyze ten commercial and open-source models, showing that Sketch2Code is challenging for existing VLMs; even the most capable models struggle to accurately interpret sketches and formulate effective questions that lead to steady improvement. Nevertheless, a user study with UI/UX experts reveals a significant preference for proactive question-asking over passive feedback reception, highlighting the need to develop more effective paradigms for multi-turn conversational assistants.",2025,NEGATIVE,
2025.naacl-long.199,si-etal-2025-design2code,1,Design2Code: Benchmarking Multimodal Code Generation for Automated Front-End Engineering,"Generative AI has made rapid advancements in recent years, achieving unprecedented capabilities in multimodal understanding and code generation. This can enable a new paradigm of front-end development in which multimodal large language models (MLLMs) directly convert visual designs into code implementations. In this work, we construct Design2Code – the first real-world benchmark for this task. Specifically, we manually curate 484 diverse real-world webpages as test cases and develop a set of automatic evaluation metrics to assess how well current multimodal LLMs can generate the code implementations that directly render into the given reference webpages, given the screenshots as input. We also complement automatic metrics with comprehensive human evaluations to validate the performance ranking. To rigorously benchmark MLLMs, we test various multimodal prompting methods on frontier models such as GPT-4o, GPT-4V, Gemini, and Claude. Our fine-grained break-down metrics indicate that models mostly lag in recalling visual elements from the input webpages and generating correct layout designs.",2025,NEGATIVE,
2025.naacl-long.206,son-etal-2025-kmmlu,1,KMMLU: Measuring Massive Multitask Language Understanding in Korean,"We propose KMMLU, a Korean benchmark with 35,030 expert-level multiple-choice questions across 45 subjects ranging from humanities to STEM. While prior Korean evaluation tools heavily rely on translated versions of existing English benchmarks, KMMLU is collected from original Korean exams, thereby capturing linguistic and cultural aspects of the Korean language. Recent models struggle to show performance over 60%, significantly below the pass mark of the source exams (80%), highlighting the room for improvement. Notably, one-fifth of the questions in KMMLU require knowledge of Korean culture for accurate resolution. KMMLU thus provides a more accurate reflection of human preferences compared to translated versions of MMLU and offers deeper insights into LLMs’ shortcomings in Korean knowledge. The dataset and codes are made publicly available for future research.",2025,NEGATIVE,
2025.naacl-long.207,liu-etal-2025-protecting,1,Protecting Privacy in Multimodal Large Language Models with MLLMU-Bench,"Generative models such as Large Language Models (LLM) and Multimodal Large Language models (MLLMs) trained on massive web corpora can memorize and disclose individuals’ confidential and private data, raising legal and ethical concerns. While many previous works have addressed this issue in LLM via machine unlearning, it remains largely unexplored for MLLMs. To tackle this challenge, we introduce Multimodal Large Language Model Unlearning Benchmark (MLLMU-Bench), a novel benchmark aimed at advancing the understanding of multimodal machine unlearning. MLLMU-Bench consists of 500 fictitious profiles and 153 profiles for public celebrities, each profile feature over 14 customized question-answer pairs, evaluated from both multimodal (image+text) and unimodal (text) perspectives. The benchmark is divided into four sets to assess unlearning algorithms in terms of efficacy, generalizability, and model utility. Finally, we provide baseline results using existing generative model unlearning algorithms. Surprisingly, our experiments show that unimodal unlearning algorithms excel in generation tasks, while multimodal unlearning approaches perform better in classification with multimodal inputs.",2025,NEGATIVE,
2025.naacl-long.218,wang-etal-2025-audiobench,1,AudioBench: A Universal Benchmark for Audio Large Language Models,"We introduce AudioBench, a universal benchmark designed to evaluate Audio Large Language Models (AudioLLMs). It encompasses 8 distinct tasks and 26 datasets, among which, 7 are newly proposed datasets. The evaluation targets three main aspects: speech understanding, audio scene understanding, and voice understanding (paralinguistic). Despite recent advancements, there lacks a comprehensive benchmark for AudioLLMs on instruction following capabilities conditioned on audio signals. AudioBench addresses this gap by setting up datasets as well as desired evaluation metrics. Besides, we also evaluated the capabilities of five popular models and found that no single model excels consistently across all tasks. We outline the research outlook for AudioLLMs and anticipate that our open-sourced evaluation toolkit, data, and leaderboard will offer a robust testbed for future model developments.",2025,NEGATIVE,
2025.naacl-long.234,min-etal-2025-unihgkr,1,UniHGKR: Unified Instruction-aware Heterogeneous Knowledge Retrievers,"Existing information retrieval (IR) models often assume a homogeneous structure for knowledge sources and user queries, limiting their applicability in real-world settings where retrieval is inherently heterogeneous and diverse. In this paper, we introduce UniHGKR, a unified instruction-aware heterogeneous knowledge retriever that (1) builds a unified retrieval space for heterogeneous knowledge and (2) follows diverse user instructions to retrieve knowledge in specified types. UniHGKR consists of three principal stages, including heterogeneous self-supervised pretraining, text-anchored embedding alignment, and instruction-aware retriever fine-tuning, enabling it to generalize across varied retrieval contexts. This framework is highly scalable, with a BERT-based version and a UniHGKR-7B version trained on large language models. Also, we introduce CompMix-IR, the first native heterogeneous knowledge retrieval benchmark. It includes two retrieval scenarios with various instructions, over 9,400 question answer (QA) pairs, and a corpus of 10 million entries, covering four different types of data. Extensive experiments show that UniHGKR consistently outperform state-of-the-art methods on CompMix-IR, achieving up to 6.36% and 54.23% relative improvements in two scenarios, respectively. Finally, by equipping our retriever for open-domain heterogeneous QA systems, we achieve a new state-of-the-art result on the popular ConvMix task, with an absolute improvement of up to 5.90 points.",2025,NEGATIVE,
2025.naacl-long.247,huang-etal-2025-mmevalpro,1,MMEvalPro: Calibrating Multimodal Benchmarks Towards Trustworthy and Efficient Evaluation,"Large Multimodal Models (LMMs) exhibit impressive cross-modal understanding and reasoning abilities, often assessed through multiple-choice questions (MCQs) that include an image, a question, and several options. However, many benchmarks used for such evaluations suffer from systematic biases. Remarkably, Large Language Models (LLMs) without any visual perception capabilities achieve non-trivial performance, undermining the credibility of these evaluations. To address this issue while maintaining the efficiency of MCQ evaluations, we propose MMEVALPRO, a benchmark designed to avoid Type-I errors through a trilogy evaluation pipeline and more rigorous metrics. For each original question from existing benchmarks, human annotators augment it by creating one perception question and one knowledge anchor question through a meticulous annotation process. MMEVALPRO comprises 2,138 question triplets, totaling 6,414 distinct questions. Two-thirds of these questions are manually labeled by human experts, while the rest are sourced from existing benchmarks (MMMU, ScienceQA, and MathVista). Compared with the existing benchmarks, our experiments with the latest LLMs and LMMs demonstrate that MMEVALPRO is **more challenging** (the best LMM lags behind human performance by 31.73%, compared to an average gap of 8.03% in previous benchmarks) and **more trustworthy** (the best LLM trails the best LMM by 23.09%, whereas the gap for previous benchmarks is just 14.64%). Our in-depth analysis explains the reason for the large performance gap and justifies the trustworthiness of evaluation, underscoring its significant potential for advancing future research.",2025,NEGATIVE,
2025.naacl-long.263,zhu-etal-2025-menti,1,MeNTi: Bridging Medical Calculator and LLM Agent with Nested Tool Calling,"Integrating tools into Large Language Models (LLMs) has facilitated the widespread application. Despite this, in specialized downstream task contexts, reliance solely on tools is insufficient to fully address the complexities of the real world. This particularly restricts the effective deployment of LLMs in fields such as medicine. In this paper, we focus on the downstream tasks of medical calculators, which use standardized tests to assess an individual’s health status. We introduce MeNTi, a universal agent architecture for LLMs. MeNTi integrates a specialized medical toolkit and employs meta-tool and nested calling mechanisms to enhance LLM tool utilization. Specifically, it achieves flexible tool selection and nested tool calling to address practical issues faced in intricate medical scenarios, including calculator selection, slot filling, and unit conversion. To assess the capabilities of LLMs for quantitative assessment throughout the clinical process of calculator scenarios, we introduce CalcQA. This benchmark requires LLMs to use medical calculators to perform calculations and assess patient health status. CalcQA is constructed by professional physicians and includes 100 case-calculator pairs, complemented by a toolkit of 281 medical tools. The experimental results demonstrate significant performance improvements with our framework. This research paves new directions for applying LLMs in demanding scenarios of medicine.",2025,NEGATIVE,
2025.naacl-long.277,maimon-2025-novel,0,A Novel Computational Modeling Foundation for Automatic Coherence Assessment,"Coherence is an essential property of well-written texts, that refers to the way textual units relate to one another. In the era of generative AI, coherence assessment is essential for many NLP tasks such as summarization, long-form question-answering, and more.Current NLP approaches for modeling coherence often rely on a proxy task, specifically, sentence reordering. However, such an approach may not capture the full range of factors contributing to coherence.To remedy this, in this work we employ the formal linguistic definition by Reinhart:1980 of what makes a discourse coherent, consisting of three conditions, cohesion, consistency and relevance, and formalize these conditions as respective computational tasks, which are in turn jointly trained. We evaluate this modeling approach on two human-rated coherence benchmarks: one of automatically-generated stories and one of real-world texts.Our experiments show that jointly training on the proposed tasks leads to better performance on each task compared with task-specific models, and to better performance on assessing coherence overall.Our proposed computational framework thus paves the way for a more advanced, broad-coverage coherence assessment.",2025,NEGATIVE,
2025.naacl-long.289,kothyari-etal-2025-diverse,0,Diverse In-Context Example Selection After Decomposing Programs and Aligned Utterances Improves Semantic Parsing,"LLMs are increasingly used as seq2seq translators from natural language utterances to structured programs, a process called semantic interpretation. Unlike atomic labels or token sequences, programs are naturally represented as abstract syntax trees (ASTs). Such structured representation raises novel issues related to the design and selection of in-context examples (ICEs) presented to the LLM. We focus on decomposing the pool of available ICE trees into fragments, some of which may be better suited to solving the test instance. Next, we propose how to use (additional invocations of) an LLM with prompted syntax constraints to automatically map the fragments to corresponding utterances. Finally, we adapt and extend a recent method for diverse ICE selection to work with whole and fragmented ICE instances. We evaluate our system, SCUD4ICL, on popular diverse semantic parsing benchmarks, showing visible accuracy gains from our proposed decomposed diverse demonstration method. Benefits are particularly notable for smaller LLMs, ICE pools having larger labeled trees, and programs in lower resource languages.",2025,NEGATIVE,
2025.naacl-long.293,dhole-etal-2025-conqret,1,ConQRet: A New Benchmark for Fine-Grained Automatic Evaluation of Retrieval Augmented Computational Argumentation,"Computational argumentation, which involves generating answers or summaries for controversial topics like abortion bans and vaccination, has become increasingly important in today’s polarized environment. Sophisticated LLM capabilities offer the potential to provide nuanced, evidence-based answers to such questions through Retrieval-Augmented Argumentation (RAArg), leveraging real-world evidence for high-quality, grounded arguments. However, evaluating RAArg remains challenging, as human evaluation is costly and difficult for complex, lengthy answers on complicated topics. At the same time, re-using existing argumentation datasets is no longer sufficient, as they lack long, complex arguments and realistic evidence from potentially misleading sources, limiting holistic evaluation of retrieval effectiveness and argument quality. To address these gaps, we investigate automated evaluation methods using multiple fine-grained LLM judges, providing better and more interpretable assessments than traditional single-score metrics and even previously reported human crowdsourcing. To validate the proposed techniques, we introduce ConQRet, a new benchmark featuring long and complex human-authored arguments on debated topics, grounded in real-world websites, allowing an exhaustive evaluation across retrieval effectiveness, argument quality, and groundedness. We validate our LLM Judges on a prior dataset and the new ConQRet benchmark. Our proposed LLM Judges and the ConQRet benchmark can enable rapid progress in computational argumentation and can be naturally extended to other complex retrieval-augmented generation tasks.",2025,NEGATIVE,
2025.naacl-long.303,kim-etal-2025-biggen,1,The BiGGen Bench: A Principled Benchmark for Fine-grained Evaluation of Language Models with Language Models,"As language models (LMs) become capable of handling a wide range of tasks, their evaluation is becoming as challenging as their development. Most generation benchmarks currently assess LMs using abstract evaluation criteria-like helpfulness and harmlessness-which often lack the flexibility and granularity of human assessment. Additionally, these benchmarks tend to focus disproportionately on specific capabilities such as instruction following, leading to coverage bias. To overcome these limitations, we introduce the BiGGen Bench, a principled generation benchmark designed to thoroughly evaluate nine distinct capabilities of LMs across 77 diverse tasks. A key feature of the BiGGen Bench is its use of instance-specific evaluation criteria, closely mirroring the nuanced discernment of human evaluation. We apply this benchmark to assess 100 frontier LMs using five evaluator LMs. Our code, data, and evaluation results are all publicly available at https://github.com/prometheus-eval/prometheus-eval.",2025,NEGATIVE,
2025.naacl-long.316,feng-etal-2025-emocharacter,1,EmoCharacter: Evaluating the Emotional Fidelity of Role-Playing Agents in Dialogues,"Role-playing agents (RPAs) powered by large language models (LLMs) have been widely utilized in dialogue systems for their capability to deliver personalized interactions. Current evaluations of RPAs mainly focus on personality fidelity, tone imitation, and knowledge consistency, while overlooking emotional fidelity, a key factor that affects user experience. To this end, we propose a benchmark called EmoCharacter to assess emotional fidelity of RPAs in dialogues. EmoCharacter includes two benchmark datasets (single-turn and multi-turn dialogues), three evaluation settings, and six metrics to measure the emotional fidelity between RPAs and the characters they portray. Based on EmoCharacter, we conduct extensive evaluations on RPAs powered by seven widely used LLMs with representative role-playing methods. Our empirical findings reveal that: (1) Contrary to intuition, current role-playing methods often reduce the emotional fidelity of LLMs in dialogues; (2) Enhancing the general capabilities of LLMs does not necessarily improve the emotional fidelity of RPAs; (3) Fine-tuning or In-Context Learning based on real dialogue data can enhance emotional fidelity.",2025,NEGATIVE,
2025.naacl-long.324,song-etal-2025-cognitive,1,A Cognitive Evaluation Benchmark of Image Reasoning and Description for Large Vision-Language Models,"Large Vision-Language Models (LVLMs), despite their recent success, are hardly comprehensively tested for their cognitive abilities. Inspired by the prevalent use of the Cookie Theft task in human cognitive tests, we propose a novel evaluation benchmark to evaluate high-level cognitive abilities of LVLMs using images with rich semantics. The benchmark consists of 251 images along with comprehensive annotations. It defines eight reasoning capabilities and comprises an image description task and a visual question answering task. Our evaluation of well-known LVLMs shows that there is still a significant gap in cognitive abilities between LVLMs and humans.",2025,NEGATIVE,
2025.naacl-long.326,naous-xu-2025-origin,1,On The Origin of Cultural Biases in Language Models: From Pre-training Data to Linguistic Phenomena,"Language Models (LMs) have been shown to exhibit a strong preference towards entities associated with Western culture when operating in non-Western languages. In this paper, we aim to uncover the origins of entity-related cultural biases in LMs by analyzing several contributing factors, including the representation of entities in pre-training data and the impact of variations in linguistic phenomena across languages. We introduce CAMeL-2, a parallel Arabic-English benchmark of 58,086 entities associated with Arab and Western cultures and 367 masked natural contexts for entities. Our evaluations using CAMeL-2 reveal reduced performance gaps between cultures by LMs when tested in English compared to Arabic. We find that LMs struggle in Arabic with entities that appear at high frequencies in pre-training, where entities can hold multiple word senses. This also extends to entities that exhibit high lexical overlap with languages that are not Arabic but use the Arabic script. Further, we show how frequency-based tokenization leads to this issue in LMs, which gets worse with larger Arabic vocabularies. We will make CAMeL-2 available at: https://github.com/tareknaous/camel2",2025,NEGATIVE,
2025.naacl-long.349,he-etal-2025-evaluating,1,Evaluating and Mitigating Object Hallucination in Large Vision-Language Models: Can They Still See Removed Objects?,"Large Vision-Language Models (LVLMs) have a significant issue with object hallucinations, where researchers have noted that LVLMs often mistakenly determine objects as present in images where they do not actually exist. Some recent studies evaluate the occurrence of object hallucinations by asking LVLMs whether they see objects that do not exist in input images. However, we observe that these evaluation methods have some limitations, such as the objects being questioned potentially having little relevance to the image. In this paper, we introduce a more challenging benchmark for evaluating object hallucinations by removing objects from images and then asking the model whether it can still see the removed objects. Our evaluation result reveals that LVLMs suffer from severe hallucinations, as they often still claim to see the removed objects. Through our analysis, we find that biases in training result in LVLMs lacking guidance on learning about the absence of objects, which in turn leads to a lack of ability to determine that objects do not exist in images. To address this issue, we further propose oDPO, a direct preference optimization objective based on visual objects. By guiding LVLMs to learn to determine the existence of objects, oDPO effectively alleviates object hallucinations. It achieves more competitive results than other hallucination mitigation approaches across multiple object hallucination benchmarks and enhances the performance of LVLMs in various vision-language tasks.",2025,NEGATIVE,
2025.naacl-long.375,zhang-etal-2025-llama,0,LLaMA-Berry: Pairwise Optimization for Olympiad-level Mathematical Reasoning via O1-like Monte Carlo Tree Search,"This paper presents LLaMA-Berry, an advanced mathematical reasoning framework to enhance the problem-solving ability of large language models (LLMs). The framework combines Monte Carlo Tree Search with Self-Refine (SR-MCTS) to optimize the reasoning paths and utilizes a pairwise reward model to evaluate different paths globally. By leveraging the self-critique and rewriting capabilities of LLMs, our SR-MCTS overcomes the inefficiencies and limitations of conventional step-wise and greedy search algorithms, enabling a more efficient exploration of solution spaces. To guide the search process, we propose the Pairwise Preference Reward Model (PPRM), which predicts pairwise preferences between solutions through instruction-following capabilities trained by Reinforcement Learning from Human Feedback (RLHF). Finally, the Enhanced Borda Count (EBC) method is adopted to synthesize pairwise preferences into global quantile scores for evaluations. This approach mitigates the challenges of scoring variability and non-independent distributions in mathematical reasoning tasks. The framework has been tested on general and advanced benchmarks, showing superior search efficiency and performance compared to existing open-source and closed-source methods, particularly in complex Olympiad-level benchmarks, including AIME24 and AMC23.",2025,NEGATIVE,
2025.naacl-long.391,zhang-etal-2025-adtec,1,AdTEC: A Unified Benchmark for Evaluating Text Quality in Search Engine Advertising,"As the fluency of ad texts automatically generated by natural language generation technologies continues to improve, there is an increasing demand to assess the quality of these creatives in real-world setting.We propose **AdTEC**, the first public benchmark to evaluate ad texts from multiple perspectives within practical advertising operations.Our contributions are as follows: (i) Defining five tasks for evaluating the quality of ad texts, as well as constructing a Japanese dataset based on the practical operational experiences of advertising agencies, which are typically maintained in-house. (ii) Validating the performance of existing pre-trained language models (PLMs) and human evaluators on this dataset. (iii) Analyzing the characteristics and providing challenges of the benchmark.Our results show that while PLMs have a practical level of performance in several tasks, humans continue to outperform them in certain domains, indicating that there remains significant potential for further improvement in this area.",2025,NEGATIVE,
2025.naacl-long.400,miehling-etal-2025-evaluating,1,Evaluating the Prompt Steerability of Large Language Models,"Building pluralistic AI requires designing models that are able to be shaped to represent a wide range of value systems and cultures. Achieving this requires first being able to evaluate the degree to which a given model is capable of reflecting various personas. To this end, we propose a benchmark for evaluating the steerability of model personas as a function of prompting. Our design is based on a formal definition of prompt steerability, which analyzes the degree to which a model’s joint behavioral distribution can be shifted from its baseline. By defining steerability indices and inspecting how these indices change as a function of steering effort, we can estimate the steerability of a model across various persona dimensions and directions. Our benchmark reveals that the steerability of many current models is limited — due to both a skew in their baseline behavior and an asymmetry in their steerability across many persona dimensions. We release an implementation of our benchmark at https://github.com/IBM/prompt-steering.",2025,NEGATIVE,
2025.naacl-long.402,nikandrou-etal-2025-crope,1,CROPE: Evaluating In-Context Adaptation of Vision and Language Models to Culture-Specific Concepts,"As Vision and Language models (VLMs) become accessible across the globe, it is important that they demonstrate cultural knowledge. In his paper, we introduce CROPE, a visual question answering benchmark designed to probe the knowledge of culture-specific concepts and evaluate the capacity for cultural adaptation through contextual information. This allows us to distinguish between parametric knowledge acquired during training and contextual knowledge provided during inference via visual and textual descriptions. Our evaluation of several state-of-the-art open VLMs shows large performance disparities between culture-specific and common concepts in the parametric setting. Moreover, experiments with contextual knowledge indicate that models struggle to effectively utilize multimodal information and bind culture specific concepts to their depictions. Our findings reveal limitations in the cultural understanding and adaptability of current VLMs that need to be addressed toward more culturally inclusive models.",2025,NEGATIVE,
2025.naacl-long.425,zhang-etal-2025-iheval,1,IHEval: Evaluating Language Models on Following the Instruction Hierarchy,"The instruction hierarchy, which establishes a priority order from system messages to user messages, conversation history, and tool outputs, is essential for ensuring consistent and safe behavior in language models (LMs). Despite its importance, this topic receives limited attention, and there is a lack of comprehensive benchmarks for evaluating models’ ability to follow the instruction hierarchy. We bridge this gap by introducing IHEval, a novel benchmark comprising 3,538 examples across nine tasks, covering cases where instructions in different priorities either align or conflict. Our evaluation of popular LMs highlights their struggle to recognize instruction priorities. All evaluated models experience a sharp performance decline when facing conflicting instructions, compared to their original instruction-following performance. Moreover, the most competitive open-source model only achieves 48% accuracy in resolving such conflicts. Our results underscore the need for targeted optimization in the future development of LMs.",2025,NEGATIVE,
2025.naacl-long.426,sanni-etal-2025-afrispeech,1,Afrispeech-Dialog: A Benchmark Dataset for Spontaneous English Conversations in Healthcare and Beyond,"Speech technologies are transforming interactions across various sectors, from healthcare to call centers and robots, yet their performance on African-accented conversations remains underexplored. We introduce Afrispeech-Dialog, a benchmark dataset of 50 simulated medical and non-medical African-accented English conversations, designed to evaluate automatic speech recognition (ASR) and related technologies. We assess state-of-the-art (SOTA) speaker diarization and ASR systems on long-form, accented speech, comparing their performance with native accents and discover a 10%+ performance degradation. Additionally, we explore medical conversation summarization capabilities of large language models (LLMs) to demonstrate the impact of ASR errors on downstream medical summaries, providing insights into the challenges and opportunities for speech technologies in the Global South. Our work highlights the need for more inclusive datasets to advance conversational AI in low-resource settings.",2025,NEGATIVE,
2025.naacl-long.466,madaan-etal-2025-lost,0,Lost in Inference: Rediscovering the Role of Natural Language Inference for Large Language Models,"In the recent past, a popular way of evaluating natural language understanding (NLU), was to consider a model’s ability to perform natural language inference (NLI) tasks. In this paper, we investigate if NLI tasks, that are rarely used for LLM evaluation, can still be informative for evaluating LLMs. Focusing on five different NLI benchmarks across six models of different scales, we investigate if they are able to discriminate models of different size and quality and how their accuracies develop during training. Furthermore, we investigate the extent to which the softmax distributions of models align with human distributions in cases where statements are ambiguous or vague. Overall, our results paint a positive picture for the NLI tasks: we find that they are able to discriminate well between models at various stages of training, yet are not (all) saturated. Furthermore, we find that while the similarity of model distributions with human label distributions increases with scale, it is still much higher than the similarity between two populations of humans, making it a potentially interesting statistic to consider.",2025,NEGATIVE,
2025.naacl-long.468,gao-etal-2025-mixed,1,A Mixed-Language Multi-Document News Summarization Dataset and a Graphs-Based Extract-Generate Model,"Existing research on news summarization primarily focuses on single-language single-document (SLSD), single-language multi-document (SLMD) or cross-language single-document (CLSD). However, in real-world scenarios, news about an international event often involves multiple documents in different languages, i.e., mixed-language multi-document (MLMD). Therefore, summarizing MLMD news is of great significance. However, the lack of datasets for MLMD news summarization has constrained the development of research in this area. To fill this gap, we construct a mixed-language multi-document news summarization dataset (MLMD-news), which contains four different languages and 10,992 source document cluster and target summary pairs. Additionally, we propose a graph-based extract-generate model and benchmark various methods on the MLMD-news dataset and publicly release our dataset and code, aiming to advance research in summarization within MLMD scenarios.",2025,NEGATIVE,
2025.naacl-long.474,xiao-etal-2025-pay,1,Pay More Attention to Images: Numerous Images-Oriented Multimodal Summarization,"Existing multimodal summarization approaches struggle with scenarios involving numerous images as input, leading to a heavy load for readers. Summarizing both the input text and numerous images helps readers quickly grasp the key points of multimodal input. This paper introduces a novel task, Numerous Images-Oriented Multimodal Summarization (NIMMS). To benchmark this task, we first construct the dataset based on a public multimodal summarization dataset. Considering that most existing metrics evaluate summaries from a unimodal perspective, we propose a new Multimodal Information evaluation (M-info) method, measuring the differences between the generated summary and the multimodal input. Finally, we compare various summarization methods on NIMMS and analyze associated challenges. Experimental results have shown that M-info correlates more closely with human judgments than five widely used metrics. Meanwhile, existing models struggle with summarizing numerous images. We hope that this research will shed light on the development of multimodal summarization. Furthermore, our code and dataset will be released to the public.",2025,NEGATIVE,
2025.naacl-long.507,verma-etal-2025-milu,1,MILU: A Multi-task Indic Language Understanding Benchmark,"Evaluating Large Language Models (LLMs) in low-resource and linguistically diverse languages remains a significant challenge in NLP, particularly for languages using non-Latin scripts like those spoken in India. Existing benchmarks predominantly focus on English, leaving substantial gaps in assessing LLM capabilities in these languages. We introduce MILU, a Multi-task Indic Language Understanding Benchmark, a comprehensive evaluation benchmark designed to address this gap. MILU spans 8 domains and 41 subjects across 11 Indic languages, reflecting general and culturally specific knowledge. With an India-centric design, incorporates material from regional and state-level examinations, covering topics such as local history, arts, festivals, and laws, alongside standard subjects like science and mathematics. We evaluate over 42 LLMs, and find that current LLMs struggle with MILU, with GPT-4o achieving the highest average accuracy at 74 percent. Open multilingual models outperform language-specific fine-tuned models, which perform only slightly better than random baselines. Models also perform better in high resource languages as compared to low resource ones. Domain-wise analysis indicates that models perform poorly in culturally relevant areas like Arts and Humanities, Law and Governance compared to general fields like STEM. To the best of our knowledge, MILU is the first of its kind benchmark focused on Indic languages, serving as a crucial step towards comprehensive cultural evaluation. All code, benchmarks, and artifacts are publicly available to foster open research.",2025,UNSURE,Multi-task Indic Language Understanding benchmark likely includes classification among other NLU tasks
2025.naacl-long.511,song-etal-2025-ifir,1,IFIR: A Comprehensive Benchmark for Evaluating Instruction-Following in Expert-Domain Information Retrieval,"We introduce IFIR, the first comprehensive benchmark designed to evaluate instruction-following information retrieval (IR) in expert domains. IFIR includes 2,426 high-quality examples and covers eight subsets across four specialized domains: finance, law, healthcare, and science literature. Each subset addresses one or more domain-specific retrieval tasks, replicating real-world scenarios where customized instructions are critical. IFIR enables a detailed analysis of instruction-following retrieval capabilities by incorporating instructions at different levels of complexity. We also propose a novel LLM-based evaluation method to provide a more precise and reliable assessment of model performance in following instructions. Through extensive experiments on 15 frontier retrieval models, including those based on LLMs, our results reveal that current models face significant challenges in effectively following complex, domain-specific instructions. We further provide in-depth analyses to highlight these limitations, offering valuable insights to guide future advancements in retriever development.",2025,NEGATIVE,
2025.naacl-long.534,mamta-cocarascu-2025-facteval,1,FactEval: Evaluating the Robustness of Fact Verification Systems in the Era of Large Language Models,"Whilst large language models (LLMs) have made significant advances in every natural language processing task, studies have shown that these models are vulnerable to small perturbations in the inputs, raising concerns about their robustness in the real-world. Given the rise of misinformation online and its significant impact on society, fact verification is one area in which assessing the robustness of models developed for this task is crucial. However, the robustness of LLMs in fact verification remains largely unexplored. In this paper, we introduce FactEval, a novel large-scale benchmark for extensive evaluation of LLMs in the fact verification domain covering 17 realistic word-level and character-level perturbations and 4 types of subpopulations. We investigate the robustness of several LLMs in zero-shot, few-shot, and chain-of-thought prompting. Our analysis using FEVER, one of the largest and most widely-used datasets for fact verification, reveals that LLMs are brittle to small input changes and also exhibit performance variations across different subpopulations.",2025,NEGATIVE,
2025.naacl-long.553,chandra-etal-2025-lived,1,Lived Experience Not Found: LLMs Struggle to Align with Experts on Addressing Adverse Drug Reactions from Psychiatric Medication Use,"Adverse Drug Reactions (ADRs) from psychiatric medications are the leading cause of hospitalizations among mental health patients. With healthcare systems and online communities facing limitations in resolving ADR-related issues, Large Language Models (LLMs) have the potential to fill this gap. Despite the increasing capabilities of LLMs, past research has not explored their capabilities in detecting ADRs related to psychiatric medications or in providing effective harm reduction strategies. To address this, we introduce the **Psych-ADR** benchmark and the **A**dverse **D**rug Reaction **R**esponse **A**ssessment (**ADRA**) framework to systematically evaluate LLM performance in detecting ADR expressions and delivering expert-aligned mitigation strategies. Our analyses show that LLMs struggle with understanding the nuances of ADRs and differentiating between types of ADRs. While LLMs align with experts in terms of expressed emotions and tone of the text, their responses are more complex, harder to read, and only 70.86% aligned with expert strategies. Furthermore, they provide less actionable advice by a margin of 12.32% on average. Our work provides a comprehensive benchmark and evaluation framework for assessing LLMs in strategy-driven tasks within high-risk domains.",2025,NEGATIVE,
2025.naacl-long.560,zuo-etal-2025-planetarium,1,Planetarium: A Rigorous Benchmark for Translating Text to Structured Planning Languages,"Recent works have explored using language models for planning problems. One approach examines translating natural language descriptions of planning tasks into structured planning languages, such as the planning domain definition language (PDDL). Existing evaluation methods struggle to ensure semantic correctness and rely on simple or unrealistic datasets. To bridge this gap, we introduce Planetarium, a benchmark designed to evaluate language models’ ability to generate PDDL code from natural language descriptions of planning tasks. Planetarium features a novel PDDL equivalence algorithm that flexibly evaluates the correctness of generated PDDL against ground truth, along with a dataset of 145,918 text-to-PDDL pairs across 73 unique state combinations with varying levels of difficulty. Finally, we evaluate several API-access and open-weight language models that reveal this task’s complexity. For example, 96.1% of the PDDL problem descriptions generated by GPT-4o are syntactically parseable, 94.4% are solvable, but only 24.8% are semantically correct, highlighting the need for a more rigorous benchmark for this problem.",2025,NEGATIVE,
2025.naacl-long.566,zhu-etal-2025-multichartqa,1,MultiChartQA: Benchmarking Vision-Language Models on Multi-Chart Problems,"Multimodal Large Language Models (MLLMs) have demonstrated impressive abilities across various tasks, including visual question answering and chart comprehension, yet existing benchmarks for chart-related tasks fall short in capturing the complexity of real-world multi-chart scenarios. Current benchmarks primarily focus on single-chart tasks, neglecting the multi-hop reasoning required to extract and integrate information from multiple charts, which is essential in practical applications. To fill this gap, we introduce MultiChartQA, a benchmark that evaluates MLLMs’ capabilities in four key areas: direct question answering, parallel question answering, comparative reasoning, and sequential reasoning. Our evaluation of a wide range of MLLMs reveals significant performance gaps compared to humans. These results highlight the challenges in multi-chart comprehension and the potential of MultiChartQA to drive advancements in this field. Our code and data are available at https://github.com/Zivenzhu/Multi-chart-QA.",2025,NEGATIVE,
2025.naacl-long.570,raihan-etal-2025-mhumaneval,1,mHumanEval - A Multilingual Benchmark to Evaluate Large Language Models for Code Generation,"Recent advancements in large language models (LLMs) have significantly enhanced code generation from natural language prompts. The HumanEval Benchmark, developed by OpenAI, remains the most widely used code generation benchmark. However, this and other Code LLM benchmarks face critical limitations, particularly in task diversity, test coverage, and linguistic scope. Current evaluations primarily focus on English-to-Python conversion tasks with limited test cases, potentially overestimating model performance. While recent works have addressed test coverage and programming language (PL) diversity, code generation from low-resource language prompts remains largely unexplored. To address this gap, we introduce mHumanEval, an extended benchmark supporting prompts in over 200 natural languages. We employ established machine translation methods to compile the benchmark, coupled with a quality assurance process. Furthermore, we provide expert human translations for 15 diverse natural languages (NLs). We conclude by analyzing the multilingual code generation capabilities of state-of-the-art (SOTA) Code LLMs, offering insights into the current landscape of cross-lingual code generation.",2025,NEGATIVE,
2025.naacl-long.582,zhao-etal-2025-multimodal,1,Are Multimodal LLMs Robust Against Adversarial Perturbations? RoMMath: A Systematic Evaluation on Multimodal Math Reasoning,"We introduce RoMMath, the first benchmark designed to evaluate the capabilities and robustness of multimodal large language models (MLLMs) in handling multimodal math reasoning, particularly when faced with adversarial perturbations. RoMMath consists of 4,800 expert-annotated examples, including an original set and seven adversarial sets, each targeting a specific type of perturbation at the text or vision levels. We evaluate a broad spectrum of 17 MLLMs on RoMMath and uncover a critical challenge regarding model robustness against adversarial perturbations. Through detailed error analysis by human experts, we gain a deeper understanding of the current limitations of MLLMs. Additionally, we explore various approaches to enhance the performance and robustness of MLLMs, providing insights that can guide future research efforts.",2025,NEGATIVE,
2025.naacl-long.597,weller-etal-2025-followir,1,FollowIR: Evaluating and Teaching Information Retrieval Models to Follow Instructions,"Modern Language Models (LMs) are capable of following long and complex instructions that enable a large and diverse set of user requests. While Information Retrieval (IR) models use these LMs as the backbone of their architectures, virtually none of them allow users to provide detailed instructions alongside queries, thus limiting their ability to satisfy complex information needs. In this work, we study the use of instructions in IR systems. First, we introduce our dataset FollowIR, which contains a rigorous instruction evaluation benchmark as well as a training set for helping IR models learn to better follow real-world instructions. FollowIR repurposes detailed instructions – also known as narratives – developed for professional assessors to evaluate retrieval systems. In particular, we build our benchmark from three collections curated for shared tasks at the Text REtrieval Conference (TREC). These collections contains hundreds to thousands of labeled documents per query, making them suitable for our exploration. Through this process, we can measure how well IR models follow instructions, through a new pairwise evaluation framework. Our results indicate that existing retrieval models fail to correctly use instructions, using them for basic keywords and struggling to understand long-form information. However, we show that it is possible for IR models to learn to follow complex instructions: our new FollowIR-7B model has significant improvements after fine-tuning on our training set.",2025,NEGATIVE,
2025.naacl-long.607,rismanchian-etal-2025-turtlebench,1,TurtleBench: A Visual Programming Benchmark in Turtle Geometry,"Humans have the ability to reason about geometric patterns in images and scenes from a young age. However, developing large multimodal models (LMMs) capable of similar reasoning remains a challenge, highlighting the need for robust evaluation methods to assess these capabilities. We introduce TurtleBench, a benchmark designed to evaluate LMMs’ capacity to interpret geometric patterns—given visual examples, textual instructions, or both—and generate precise code outputs. Inspired by turtle geometry, a notion used to teach children foundational coding and geometric concepts, TurtleBench features tasks with patterned shapes that have underlying algorithmic logic. Our evaluation reveals that leading LMMs struggle significantly with these tasks, with GPT-4V achieving only 19% accuracy on the simplest tasks and few-shot prompting only marginally improves their performance (<2%). TurtleBench highlights the gap between human and AI performance in intuitive and visual geometrical understanding, setting the stage for future research in this area and stands as one of the few benchmarks to evaluate the integration of visual understanding and code generation capabilities in LMMs, setting the stage for future research.",2025,NEGATIVE,
2025.naacl-long.613,magdy-etal-2025-jawaher,1,JAWAHER: A Multidialectal Dataset of Arabic Proverbs for LLM Benchmarking,"Recent advancements in instruction fine-tuning, alignment methods such as reinforcement learning from human feedback (RLHF), and optimization techniques like direct preference optimization (DPO), have significantly enhanced the adaptability of large language models (LLMs) to user preferences. However, despite these innovations, many LLMs continue to exhibit biases toward Western, Anglo-centric, or American cultures, with performance on English data consistently surpassing that of other languages. This reveals a persistent cultural gap in LLMs, which complicates their ability to accurately process culturally rich and diverse figurative language, such as proverbs. To address this, we introduce *Jawaher*, a benchmark designed to assess LLMs’ capacity to comprehend and interpret Arabic proverbs. *Jawaher* includes proverbs from various Arabic dialects, along with idiomatic translations and explanations. Through extensive evaluations of both open- and closed-source models, we find that while LLMs can generate idiomatically accurate translations, they struggle with producing culturally nuanced and contextually relevant explanations. These findings highlight the need for ongoing model refinement and dataset expansion to bridge the cultural gap in figurative language processing.",2025,NEGATIVE,
2025.naacl-long.628,choi-etal-2025-corac,0,CoRAC: Integrating Selective API Document Retrieval with Question Semantic Intent for Code Question Answering,"Automatic code question answering aims to generate precise answers to questions about code by analyzing code snippets. To provide an appropriate answer, it is necessary to accurately understand the relevant part of the code and correctly interpret the intent of the question. However, in real-world scenarios, the questioner often provides only a portion of the code along with the question, making it challenging to find an answer. The responder should be capable of providing a suitable answer using such limited information. We propose a knowledge-based framework, CoRAC, an automatic code question responder that enhances understanding through selective API document retrieval and question semantic intent clustering. We evaluate our method on three real-world benchmark datasets and demonstrate its effectiveness through various experiments. We also show that our method can generate high-quality answers compared to large language models, such as ChatGPT.",2025,NEGATIVE,
2025.naacl-long.633,xiao-etal-2025-csr,1,CSR-Bench: Benchmarking LLM Agents in Deployment of Computer Science Research Repositories,"The increasing complexity of computer science research projects demands more effective tools for deploying code repositories. Large Language Models (LLMs), such as Anthropic Claude and Meta Llama, have demonstrated significant advancements across various fields of computer science research, including the automation of diverse software engineering tasks. To evaluate the effectiveness of LLMs in handling complex code development tasks of research projects, particularly for NLP/CV/AI/ML/DM topics, we introduce CSR-Bench, a benchmark for Computer Science Research projects. This benchmark assesses LLMs from various aspects including accuracy, efficiency, and deployment script quality, aiming to explore their potential in conducting computer science research autonomously. We also introduce a novel framework, CSR-Agents, that utilizes multiple LLM agents to automate the deployment of GitHub code repositories of computer science research projects. Specifically, by checking instructions from markdown files and interpreting repository structures, the model generates and iteratively improves bash commands that set up the experimental environments and deploy the code to conduct research tasks. Preliminary results from CSR-Bench indicate that LLM agents can significantly enhance the workflow of repository deployment, thereby boosting developer productivity and improving the management of developmental workflows.",2025,NEGATIVE,
2025.naacl-short.23,muhamed-etal-2025-corag,1,CoRAG: Collaborative Retrieval-Augmented Generation,"Retrieval-Augmented Generation (RAG) models excel in knowledge-intensive tasks, especially under few-shot learning constraints. We introduce CoRAG, a framework extending RAG to collaborative settings, where clients jointly train a shared model using a collaborative passage store. To evaluate CoRAG, we introduce CRAB, a benchmark for collaborative homogeneous open-domain question answering. Our experiments demonstrate that CoRAG consistently outperforms both parametric collaborative learning methods and locally trained RAG models in low-resource scenarios. Further analysis reveals the critical importance of relevant passages within the shared store, the surprising benefits of incorporating irrelevant passages, and the potential for hard negatives to negatively impact performance. This introduces a novel consideration in collaborative RAG: the trade-off between leveraging a collectively enriched knowledge base and the potential risk of incorporating detrimental passages from other clients. Our findings underscore the viability of CoRAG, while also highlighting key design challenges and promising avenues for future research.",2025,NEGATIVE,
2025.naacl-short.29,tang-etal-2025-using,1,Using Contextually Aligned Online Reviews to Measure LLMs’ Performance Disparities Across Language Varieties,"A language can have different varieties. These varieties can affect the performance of natural language processing (NLP) models, including large language models (LLMs), which are often trained on data from widely spoken varieties. This paper introduces a novel and cost-effective approach to benchmark model performance across language varieties. We argue that international online review platforms,such as Booking.com, can serve as effective data sources for constructing datasets that capture comments in different language varieties from similar real-world scenarios, like reviews for the same hotel with the same rating using the same language (e.g., Mandarin Chinese) but different language varieties (e.g., Taiwan Mandarin, Mainland Mandarin). To prove this concept, we constructed a contextually aligned dataset comprising reviews in Taiwan Mandarin and Mainland Mandarin and tested six LLMs in a sentiment analysis task. Our results show that LLMs consistently underperform in Taiwan Mandarin.",2025,NEGATIVE,
2025.naacl-short.57,fu-etal-2025-scratcheval,1,ScratchEval: Are GPT-4o Smarter than My Child? Evaluating Large Multimodal Models with Visual Programming Challenges,"Recent advancements in large multimodal models (LMMs) have showcased impressive code generation capabilities, primarily evaluated through image-to-code benchmarks. However, these benchmarks are limited to specific visual programming scenarios where the logic reasoning and the multimodal understanding capacities are split apart. To fill this gap, we propose ScratchEval, a novel benchmark designed to evaluate the visual programming reasoning ability of LMMs. ScratchEval is based on Scratch, a block-based visual programming language widely used in children’s programming education. By integrating visual elements and embedded programming logic, ScratchEval requires the model to process both visual information and code structure, thereby comprehensively evaluating its programming intent understanding ability. Our evaluation approach goes beyond the traditional image-to-code mapping and focuses on unified logical thinking and problem-solving abilities, providing a more comprehensive and challenging framework for evaluating the visual programming ability of LMMs. ScratchEval not only fills the gap in existing evaluation methods, but also provides new insights for the future development of LMMs in the field of visual programming.",2025,NEGATIVE,
2025.naacl-short.64,manikantan-etal-2025-identifyme,1,IdentifyMe: A Challenging Long-Context Mention Resolution Benchmark for LLMs,"Recent evaluations of LLMs on coreference resolution have revealed that traditional output formats and evaluation metrics do not fully capture the models’ referential understanding. To address this, we introduce IdentifyMe, a new benchmark for mention resolution presented in a multiple-choice question (MCQ) format, commonly used for evaluating LLMs. IdentifyMe features long narratives and employs heuristics to exclude easily identifiable mentions, creating a more challenging task. The benchmark also consists of a curated mixture of different mention types and corresponding entities, allowing for a fine-grained model performance analysis. We evaluate both closed- and open-source LLMs on IdentifyMe and observe a significant performance gap (20-30%) between the state-of-the-art sub-10B open models vs. closed ones. We observe that pronominal mentions, which have limited surface information, are typically harder for models to resolve than nominal mentions. Additionally, we find that LLMs often confuse entities when their mentions overlap in nested structures. The highest scoring model, GPT-4o, achieves 81.9% accuracy, highlighting the strong referential capabilities of state-of-the-art LLMs while also indicating room for further improvement.",2025,NEGATIVE,
2025.naacl-industry.4,li-etal-2025-llms,1,How LLMs React to Industrial Spatio-Temporal Data? Assessing Hallucination with a Novel Traffic Incident Benchmark Dataset,"Large language models (LLMs) hold revolutionary potential to digitize and enhance the Health & Public Services (H&PS) industry. Despite their advanced linguistic abilities, concerns about accuracy, stability, and traceability still persist, especially in high-stakes areas such as transportation systems. Moreover, the predominance of English in LLM development raises questions about how they perform in non-English contexts. This study originated from a real world industrial GenAI application, introduces a novel cross-lingual benchmark dataset comprising nearly 99,869 real traffic incident records from Vienna (2013-2023) to assess the robustness of state-of-the-art LLMs (≥ 9) in the spatio vs temporal domain for traffic incident classification. We then explored three hypotheses — sentence indexing, date-to-text conversion, and German-to-English translation — and incorporated Retrieval Augmented Generation (RAG) to further examine the LLM hallucinations in both spatial and temporal domain. Our experiments reveal significant performance disparities in the spatio-temporal domain and demonstrate what types of hallucinations that RAG can mitigate and how it achieves this. We also provide open access to our H&PS traffic incident dataset, with the project demo and code available at Website https://sites.google.com/view/llmhallucination/home",2025,NEGATIVE,
2025.naacl-industry.13,ye-etal-2025-qspell,1,"QSpell 250K: A Large-Scale, Practical Dataset for Chinese Search Query Spell Correction","Chinese Search Query Spell Correction is a task designed to autonomously identify and correct typographical errors within queries in the search engine. Despite the availability of comprehensive datasets like Microsoft Speller and Webis, their monolingual nature and limited scope pose significant challenges in evaluating modern pre-trained language models such as BERT and GPT. To address this, we introduce QSpell 250K, a large-scale benchmark specifically developed for Chinese Query Spelling Correction. QSpell 250K offers several advantages: 1) It contains over 250K samples, which is ten times more than previous datasets. 2) It covers a broad range of topics, from formal entities to everyday colloquialisms and idiomatic expressions. 3) It includes both Chinese and English, addressing the complexities of code-switching. Each query undergoes three rounds of high-fidelity annotation to ensure accuracy. Our extensive testing across three popular models demonstrates that QSpell 250K effectively evaluates the efficacy of representative spelling correctors. We believe that QSpell 250K will significantly advance spelling correction methodologies. The accompanying data and code will be made publicly available.",2025,NEGATIVE,
2025.naacl-industry.34,jin-etal-2025-medethiceval,1,MedEthicEval: Evaluating Large Language Models Based on Chinese Medical Ethics,"Large language models (LLMs) demonstrate significant potential in advancing medical applications, yet their capabilities in addressing medical ethics challenges remain underexplored. This paper introduces MedEthicEval, a novel benchmark designed to systematically evaluate LLMs in the domain of medical ethics. Our framework encompasses two key components: knowledge, assessing the models’ grasp of medical ethics principles, and application, focusing on their ability to apply these principles across diverse scenarios. To support this benchmark, we consulted with medical ethics researchers and developed three datasets addressing distinct ethical challenges: blatant violations of medical ethics, priority dilemmas with clear inclinations, and equilibrium dilemmas without obvious resolutions. MedEthicEval serves as a critical tool for understanding LLMs’ ethical reasoning in healthcare, paving the way for their responsible and effective use in medical contexts.",2025,NEGATIVE,
2025.naacl-industry.39,nalbandyan-etal-2025-score,0,SCORE: Systematic COnsistency and Robustness Evaluation for Large Language Models,"Typical evaluations of Large Language Models (LLMs) report a single metric per dataset, often representing the model’s best-case performance under carefully selected settings. Unfortunately, this approach overlooks model robustness and reliability in real-world applications. For instance, simple paraphrasing of prompts on the MMLU-Pro dataset causes accuracy fluctuations of up to 10%, while reordering answer choices in the AGIEval dataset results in accuracy differences of up to 6.1%. While some studies discuss issues with LLM robustness, there is no unified or centralized framework for evaluating the robustness of language models. To address this gap and consolidate existing research on model robustness, we present SCORE (Systematic COnsistency and Robustness Evaluation), a comprehensive framework for non-adversarial evaluation of LLMs. The SCORE framework evaluates models by repeatedly testing them on the same benchmarks in various setups to give a realistic estimate of their accuracy and consistency. We will make the code publicly available to facilitate further development and research.",2025,NEGATIVE,
2025.naacl-industry.46,patel-etal-2025-sweeval,1,SweEval: Do LLMs Really Swear? A Safety Benchmark for Testing Limits for Enterprise Use,"Enterprise customers are increasingly adopting Large Language Models (LLMs) for critical communication tasks, such as drafting emails, crafting sales pitches, and composing casual messages. Deploying such models across different regions requires them to understand diverse cultural and linguistic contexts and generate safe and respectful responses. For enterprise applications, it is crucial to mitigate reputational risks, maintain trust, and ensure compliance by effectively identifying and handling unsafe or offensive language. To address this, we introduce SweEval, a benchmark simulating real-world scenarios with variations in tone (positive or negative) and context (formal or informal). The prompts explicitly instruct the model to include specific swear words while completing the task. This benchmark evaluates whether LLMs comply with or resist such inappropriate instructions and assesses their alignment with ethical frameworks, cultural nuances, and language comprehension capabilities. In order to advance research in building ethically aligned AI systems for enterprise use and beyond, we release the dataset and code: https://github.com/amitbcp/multilingual_profanity.",2025,NEGATIVE,
2025.naacl-industry.64,hoang-etal-2025-distill,0,Distill-C: Enhanced NL2SQL via Distilled Customization with LLMs,"The growing adoption of large language models (LLMs) in business applications has amplified interest in Natural Language to SQL (NL2SQL) solutions, in which there is competing demand for high performance and efficiency. Domain- and customer-specific requirements further complicate the problem. To address this conundrum, we introduce Distill-C, a distilled customization framework tailored for NL2SQL tasks. Distill-C utilizes large teacher LLMs to produce high-quality synthetic data through a robust and scalable pipeline. Finetuning smaller and open-source LLMs on this synthesized data enables them to rival or outperform teacher models an order of magnitude larger. Evaluated on multiple challenging benchmarks, Distill-C achieves an average improvement of 36% in execution accuracy compared to the base models from three distinct LLM families. Additionally, on three internal customer benchmarks, Distill-C demonstrates a 22.6% performance improvement over the base models. Our results demonstrate that Distill-C is an effective, high-performing and generalizable approach for deploying lightweight yet powerful NL2SQL models, delivering exceptional accuracies while maintaining low computational cost.",2025,NEGATIVE,
2025.naacl-srw.26,haturusinghe-etal-2025-subasa,0,Subasa - Adapting Language Models for Low-resourced Offensive Language Detection in Sinhala,"Accurate detection of offensive language is essential for a number of applications related to social media safety. There is a sharp contrast in performance in this task between low and high-resource languages. In this paper, we adapt fine-tuning strategies that have not been previously explored for Sinhala in the downstream task of offensive language detection. Using this approach, we introduce four models: “Subasa-XLM-R”, which incorporates an intermediate Pre-Finetuning step using Masked Rationale Prediction. Two variants of “Subasa-Llama” and “Subasa-Mistral”, are fine-tuned versions of Llama (3.2) and Mistral (v0.3), respectively, with a task-specific strategy. We evaluate our models on the SOLD benchmark dataset for Sinhala offensive language detection. All our models outperform existing baselines. Subasa-XLM-R achieves the highest Macro F1 score (0.84) surpassing state-of-the-art large language models like GPT-4o when evaluated on the same SOLD benchmark dataset under zero-shot settings. The models and code are publicly available.",2025,NEGATIVE,
2025.naacl-srw.29,samin-etal-2025-colorfoil,1,ColorFoil: Investigating Color Blindness in Large Vision and Language Models,"With the utilization of Transformer architecture, large Vision and Language (V&L) models have shown promising performance in even zero-shot settings. Several studies, however, indicate a lack of robustness of the models when dealing with complex linguistics and visual attributes. In this work, we introduce a novel V&L benchmark - ColorFoil, by creating color-related foils to assess the models’ perception ability to detect colors like red, white, green, etc. We evaluate seven state-of-the-art V&L models including CLIP, ViLT, GroupViT, and BridgeTower, etc. in a zero-shot setting and present intriguing findings from the V&L models. The experimental evaluation indicates that ViLT and BridgeTower demonstrate much better color perception capabilities compared to CLIP and its variants and GroupViT. Moreover, CLIP-based models and GroupViT struggle to distinguish colors that are visually distinct to humans with normal color perception ability.",2025,NEGATIVE,
2025.naacl-srw.32,bhatia-etal-2025-datelogicqa,1,DateLogicQA: Benchmarking Temporal Biases in Large Language Models,"We introduce DateLogicQA, a human-curated benchmark of 190 questions specifically designed to understand temporal bias in Large Language Models (LLMs). Covering seven date formats across past, present, and future contexts, DateLogicQA examines four reasoning types: commonsense, factual, conceptual, and numerical. Through human-led evaluations of 12 state-of-the-art LLMs, we identify Representation-Level Bias, arising from suboptimal embeddings that distort date semantics, and Logical-Level Bias, manifesting when correct date tokens yield flawed temporal reasoning. Our findings underscore persistent challenges in handling various date formats and temporal contexts, revealing the need for more robust pretraining data, targeted post-training methods, and precise tokenization strategies. By illuminating these biases, we provide actionable insights to guide the development of LLMs for accurate temporal reasoning across diverse real-world applications.",2025,NEGATIVE,
2025.naacl-srw.40,shin-etal-2025-video,1,Do Video Language Models really understand the video contexts?,"This paper examines how well visual language models (VLMs) understand video question answering (VideoQA) tasks and generate responses accordingly. Recently, VLMs based on Large Language Models (LLMs) have shown remarkable performance, but the processes of understanding and reasoning in VLMs remain under-explored. To tackle this challenge, we propose Video Understanding and Response Consistency Assessment, VURCA, a framework that incorporates a fine-grained question generation and answering process to measure how well the responses generated by VLMs align with what the model understands. In addition, we introduce an extended benchmark dataset, FgNExT-QA, which builds upon NExT-QA by incorporating more fine-grained VideoQA tasks. FgNExT-QA is designed to evaluate fine-grained understanding in video question answering. Through experiments, we found that despite the strong overall QA performance of VLMs, their understanding of both the video content and the question remains limited. In particular, they exhibit poor video comprehension in fine-grained VideoQA tasks.",2025,NEGATIVE,
2025.naacl-demo.37,yamada-etal-2025-l3go,1,L3GO: Language Agents with Chain-of-3D-Thoughts for Generating Unconventional Objects,"Diffusion-based image generation models such as DALL-E 3 and Stable Diffusion-XL demonstrate remarkable capabilities in generating images with realistic and unique compositions. Yet, these models are not robust in precisely reasoning about physical and spatial configurations of objects, especially when instructed with unconventional, thereby out-of-distribution descriptions, such as “a chair with five legs”. In this paper, we propose a language agent with chain-of-3D-thoughts (L3GO), an inference-time approach that can reason about part-based 3D construction of unconventional objects that current data-driven diffusion models struggle with. More concretely, we use large language models as agents to compose a desired object via trial-and-error within the 3D simulation environment. To facilitate our investigation, we develop a new benchmark, Unconventionally Feasible Objects (UFO), as well as SimpleBlenv, a wrapper environment built on top of Blender where language agents can build and compose atomic building blocks via API calls. Human and automatic GPT-4V evaluations show that our approach surpasses the standard GPT-4 and other language agents (e.g., ReAct and Reflexion) for 3D mesh generation on ShapeNet. Moreover, when tested on our UFO benchmark, our approach outperforms other state-of-the-art text-to-2D image and text-to-3D models based on human evaluation.",2025,NEGATIVE,
2025.nodalida-1.36,kurfali-etal-2025-swesat,1,SweSAT-1.0: The Swedish University Entrance Exam as a Benchmark for Large Language Models,"This introduces SweSAT-1.0, a new benchmark dataset created from the Swedish university entrance exam (Högskoleprovet) to assess large language models in Swedish. The current version of the benchmark includes 867 questions across six different tasks, including reading comprehension, mathematical problem solving, and logical reasoning. We find that some widely used open-source and commercial models excel in verbal tasks, but we also see that all models, even the commercial ones, struggle with reasoning tasks in Swedish. We hope that SweSAT-1.0 will facilitate research on large language models for Swedish by enriching the breadth of available tasks, offering a challenging evaluation benchmark that is free from any translation biases.",2025,NEGATIVE,
2025.nodalida-1.76,vakili-etal-2025-sweclineval,1,SweClinEval: A Benchmark for Swedish Clinical Natural Language Processing,"The lack of benchmarks in certain domains and for certain languages makes it difficult to track progress regarding the state-of-the-art of NLP in those areas, potentially impeding progress in important, specialized domains. Here, we introduce the first Swedish benchmark for clinical NLP: _SweClinEval_. The first iteration of the benchmark consists of six clinical NLP tasks, encompassing both document-level classification and named entity recognition tasks, with real clinical data. We evaluate nine different encoder models, both Swedish and multilingual. The results show that domain-adapted models outperform generic models on sequence-level classification tasks, while certain larger generic models outperform the clinical models on named entity recognition tasks. We describe how the benchmark can be managed despite limited possibilities to share sensitive clinical data, and discuss plans for extending the benchmark in future iterations.",2025,UNSURE,Swedish clinical NLP benchmark with multiple task types possibly including classification
2025.semeval-1.179,bergmann-lisboa-etal-2025-qleveranswering,0,"QleverAnswering-PUCRS at SemEval-2025 Task 8: Exploring LLM agents, code generation and correction for Table Question Answering","Table Question Answering (TQA) is a challenging task that requires reasoning over structured data to extract accurate answers. This paper presents QleverAnswering-PUCRS, our submission to SemEval-2025 Task 8: DataBench, Question-Answering over Tabular Data. QleverAnswering-PUCRS is a modular multi-agent system that employs a structured approach to TQA. The approach revolves around breaking down the task into specialized agents, each dedicated to handling a specific aspect of the problem. Our system was evaluated on benchmark datasets and achieved competitive results, ranking mid-to-top positions in the SemEval-2025 competition. Despite these promising results, we identify areas for improvement, particularly in handling complex queries and nested data structures.",2025,NEGATIVE,
2025.semeval-1.303,abootorabi-etal-2025-multimind,0,MultiMind at SemEval-2025 Task 7: Crosslingual Fact-Checked Claim Retrieval via Multi-Source Alignment,"This paper presents our system for SemEval-2025 Task 7: Multilingual and Crosslingual Fact-Checked Claim Retrieval. In an era where misinformation spreads rapidly, effective fact-checking is increasingly critical. We introduce {textbf{TriAligner}}, a novel approach that leverages a dual-encoder architecture with contrastive learning and incorporates both native and English translations across different modalities. Our method effectively retrieves claims across multiple languages by learning the relative importance of different sources in alignment. To enhance robustness, we employ efficient data preprocessing and augmentation using large language models while incorporating hard negative sampling to improve representation learning. We evaluate our approach on monolingual and crosslingual benchmarks, demonstrating significant improvements in retrieval accuracy and fact-checking performance over baselines.",2025,NEGATIVE,
2025.semeval-1.326,conia-etal-2025-semeval,1,SemEval-2025 Task 2: Entity-Aware Machine Translation,"Translating text that contains complex or challenging named entities—e.g., cultural-specific book and movie titles, location names, proper nouns, food names, etc.—remains a difficult task for modern machine translation systems, including the latest large language models. To systematically study and advance progress in this area, we organized Entity-Aware Machine Translation, or EA-MT, a shared task that evaluates how well systems handle entity translation across 10 language pairs. With EA-MT, we introduce XC-Translate, a novel gold benchmark comprising over 50K manually-translated sentences with entity names that can deviate significantly from word-to-word translations in their target languages. This paper describes the creation process of XC-Translate, provides an overview of the approaches explored by our participants, presents the main evaluation findings, and points toward open research directions, such as contextual retrieval methods for low-resource entities and more robust evaluation metrics for entity correctness. We hope that our shared task will inspire further research in entity-aware machine translation and foster the development of more culturally-accurate translation systems.",2025,NEGATIVE,
2025.tacl-1.1,malaviya-etal-2025-dolomites,1,Dolomites: Domain-Specific Long-Form Methodical Tasks,"Experts in various fields routinely perform methodical writing tasks to plan, organize, and report their work. From a clinician writing a differential diagnosis for a patient, to a teacher writing a lesson plan for students, these tasks are pervasive, requiring to methodically generate structured long-form output for a given input. We develop a typology of methodical tasks structured in the form of a task objective, procedure, input, and output, and introduce DoLoMiTes, a novel benchmark with specifications for 519 such tasks elicited from hundreds of experts from across 25 fields. Our benchmark further contains specific instantiations of methodical tasks with concrete input and output examples (1,857 in total) which we obtain by collecting expert revisions of up to 10 model-generated examples of each task. We use these examples to evaluate contemporary language models, highlighting that automating methodical tasks is a challenging long-form generation problem, as it requires performing complex inferences, while drawing upon the given context as well as domain knowledge. Our dataset is available at https://dolomites-benchmark.github.io/.",2025,NEGATIVE,
2025.tacl-1.11,vashurin-etal-2025-benchmarking,1,Benchmarking Uncertainty Quantification Methods for Large Language Models with LM-Polygraph,"The rapid proliferation of large language models (LLMs) has stimulated researchers to seek effective and efficient approaches to deal with LLM hallucinations and low-quality outputs. Uncertainty quantification (UQ) is a key element of machine learning applications in dealing with such challenges. However, research to date on UQ for LLMs has been fragmented in terms of techniques and evaluation methodologies. In this work, we address this issue by introducing a novel benchmark that implements a collection of state-of-the-art UQ baselines and offers an environment for controllable and consistent evaluation of novel UQ techniques over various text generation tasks. Our benchmark also supports the assessment of confidence normalization methods in terms of their ability to provide interpretable scores. Using our benchmark, we conduct a large-scale empirical investigation of UQ and normalization techniques across eleven tasks, identifying the most effective approaches.",2025,NEGATIVE,
2025.tacl-1.13,jukic-snajder-2025-robustness,0,From Robustness to Improved Generalization and Calibration in Pre-trained Language Models,"Enforcing representation smoothness in pre-trained language models (PLMs) through Jacobian and Hessian regularization provides an effective approach for enhancing both robustness and generalization. Although such regularization methods have proven effective in computer vision, their application in natural language processing, where PLM inputs are derived from a discrete domain, poses unique challenges. We introduce JacHess, a regularization approach for PLMs that minimizes the norms of the Jacobian and Hessian matrices in intermediate representations, using embeddings as substitutes for discrete token inputs. JacHess supports dual-mode regularization, alternating between fine-tuning with labeled data and regularization with unlabeled data. We evaluate JacHess on the GLUE benchmark and demonstrate that it consistently and significantly improves in-distribution generalization and enhances performance under domain shift. Across diverse PLMs, JacHess outperforms comparable representation-based regularization methods and unregularized fine-tuning, while also improving model calibration. Our findings, coupled with a computationally efficient estimator for the Jacobian and Hessian norms, position JacHess as a robust and widely applicable solution for enhancing PLM performance.",2025,NEGATIVE,
2025.wmt-1.65,li-etal-2025-evaluating-wmt,0,Evaluating WMT 2025 Metrics Shared Task Submissions on the SSA-MTE African Challenge Set,"This paper presents the evaluation of submissions to the WMT 2025 Metrics Shared Task on the SSA-MTE challenge set, a large-scale benchmark for machine translation evaluation (MTE) in Sub-Saharan African languages. The SSA-MTE test sets contains over 12,768 human-annotated adequacy scores across 11 language pairs sourced from English, French, and Portuguese, spanning 6 commercial and open-source MT systems. Results show that correlations with human judgments remain generally low, with most systems falling below the 0.4 Spearman threshold for medium-level agreement. Performance varies widely across language pairs, with most correlations under 0.4; in some extremely low-resource cases, such as Portuguese–Emakhuwa, correlations drop to around 0.1, underscoring the difficulty of evaluating MT for very low-resource African languages. These findings highlight the urgent need for more research on robust, generalizable MT evaluation methods tailored for African languages.",2025,NEGATIVE,
C18-1048,bai-zhao-2018-deep,0,Deep Enhanced Representation for Implicit Discourse Relation Recognition,"Implicit discourse relation recognition is a challenging task as the relation prediction without explicit connectives in discourse parsing needs understanding of text spans and cannot be easily derived from surface features from the input sentence pairs. Thus, properly representing the text is very crucial to this task. In this paper, we propose a model augmented with different grained text representations, including character, subword, word, sentence, and sentence pair levels. The proposed deeper model is evaluated on the benchmark treebank and achieves state-of-the-art accuracy with greater than 48% in 11-way and F1 score greater than 50% in 4-way classifications for the first time according to our best knowledge.",2018,NEGATIVE,
C18-1076,chen-etal-2018-semi,0,Semi-Supervised Lexicon Learning for Wide-Coverage Semantic Parsing,"Semantic parsers critically rely on accurate and high-coverage lexicons. However, traditional semantic parsers usually utilize annotated logical forms to learn the lexicon, which often suffer from the lexicon coverage problem. In this paper, we propose a graph-based semi-supervised learning framework that makes use of large text corpora and lexical resources. This framework first constructs a graph with a phrase similarity model learned by utilizing many text corpora and lexical resources. Next, graph propagation algorithm identifies the label distribution of unlabeled phrases from labeled ones. We evaluate our approach on two benchmarks: Webquestions and Free917. The results show that, in both datasets, our method achieves substantial improvement when comparing to the base system that does not utilize the learned lexicon, and gains competitive results when comparing to state-of-the-art systems.",2018,NEGATIVE,
C18-1143,wang-etal-2018-new,0,A New Concept of Deep Reinforcement Learning based Augmented General Tagging System,"In this paper, a new deep reinforcement learning based augmented general tagging system is proposed. The new system contains two parts: a deep neural network (DNN) based sequence labeling model and a deep reinforcement learning (DRL) based augmented tagger. The augmented tagger helps improve system performance by modeling the data with minority tags. The new system is evaluated on SLU and NLU sequence labeling tasks using ATIS and CoNLL-2003 benchmark datasets, to demonstrate the new system’s outstanding performance on general tagging tasks. Evaluated by F1 scores, it shows that the new system outperforms the current state-of-the-art model on ATIS dataset by 1.9% and that on CoNLL-2003 dataset by 1.4%.",2018,NEGATIVE,
C18-1271,li-etal-2018-seq2seq,0,Seq2seq Dependency Parsing,"This paper presents a sequence to sequence (seq2seq) dependency parser by directly predicting the relative position of head for each given word, which therefore results in a truly end-to-end seq2seq dependency parser for the first time. Enjoying the advantage of seq2seq modeling, we enrich a series of embedding enhancement, including firstly introduced subword and node2vec augmentation. Meanwhile, we propose a beam search decoder with tree constraint and subroot decomposition over the sequence to furthermore enhance our seq2seq parser. Our parser is evaluated on benchmark treebanks, being on par with the state-of-the-art parsers by achieving 94.11% UAS on PTB and 88.78% UAS on CTB, respectively.",2018,NEGATIVE,
D18-1013,liu-etal-2018-simnet,0,simNet: Stepwise Image-Topic Merging Network for Generating Detailed and Comprehensive Image Captions,"The encode-decoder framework has shown recent success in image captioning. Visual attention, which is good at detailedness, and semantic attention, which is good at comprehensiveness, have been separately proposed to ground the caption on the image. In this paper, we propose the Stepwise Image-Topic Merging Network (simNet) that makes use of the two kinds of attention at the same time. At each time step when generating the caption, the decoder adaptively merges the attentive information in the extracted topics and the image according to the generated context, so that the visual information and the semantic information can be effectively combined. The proposed approach is evaluated on two benchmark datasets and reaches the state-of-the-art performances.",2018,NEGATIVE,
D18-1080,botha-etal-2018-learning,0,Learning To Split and Rephrase From Wikipedia Edit History,"Split and rephrase is the task of breaking down a sentence into shorter ones that together convey the same meaning. We extract a rich new dataset for this task by mining Wikipedia’s edit history: WikiSplit contains one million naturally occurring sentence rewrites, providing sixty times more distinct split examples and a ninety times larger vocabulary than the WebSplit corpus introduced by Narayan et al. (2017) as a benchmark for this task. Incorporating WikiSplit as training data produces a model with qualitatively better predictions that score 32 BLEU points above the prior best result on the WebSplit benchmark.",2018,NEGATIVE,
D18-1209,shen-etal-2018-improved,0,Improved Semantic-Aware Network Embedding with Fine-Grained Word Alignment,"Network embeddings, which learns low-dimensional representations for each vertex in a large-scale network, have received considerable attention in recent years. For a wide range of applications, vertices in a network are typically accompanied by rich textual information such as user profiles, paper abstracts, etc. In this paper, we propose to incorporate semantic features into network embeddings by matching important words between text sequences for all pairs of vertices. We introduce an word-by-word alignment framework that measures the compatibility of embeddings between word pairs, and then adaptively accumulates these alignment features with a simple yet effective aggregation function. In experiments, we evaluate the proposed framework on three real-world benchmarks for downstream tasks, including link prediction and multi-label vertex classification. The experimental results demonstrate that our model outperforms state-of-the-art network embedding methods by a large margin.",2018,NEGATIVE,
D18-1382,ghosal-etal-2018-contextual,0,Contextual Inter-modal Attention for Multi-modal Sentiment Analysis,"Multi-modal sentiment analysis offers various challenges, one being the effective combination of different input modalities, namely text, visual and acoustic. In this paper, we propose a recurrent neural network based multi-modal attention framework that leverages the contextual information for utterance-level sentiment prediction. The proposed approach applies attention on multi-modal multi-utterance representations and tries to learn the contributing features amongst them. We evaluate our proposed approach on two multi-modal sentiment analysis benchmark datasets, viz. CMU Multi-modal Opinion-level Sentiment Intensity (CMU-MOSI) corpus and the recently released CMU Multi-modal Opinion Sentiment and Emotion Intensity (CMU-MOSEI) corpus. Evaluation results show the effectiveness of our proposed approach with the accuracies of 82.31% and 79.80% for the MOSI and MOSEI datasets, respectively. These are approximately 2 and 1 points performance improvement over the state-of-the-art models for the datasets.",2018,NEGATIVE,
D18-1433,whitehead-etal-2018-incorporating,1,Incorporating Background Knowledge into Video Description Generation,"Most previous efforts toward video captioning focus on generating generic descriptions, such as, “A man is talking.” We collect a news video dataset to generate enriched descriptions that include important background knowledge, such as named entities and related events, which allows the user to fully understand the video content. We develop an approach that uses video meta-data to retrieve topically related news documents for a video and extracts the events and named entities from these documents. Then, given the video as well as the extracted events and entities, we generate a description using a Knowledge-aware Video Description network. The model learns to incorporate entities found in the topically related documents into the description via an entity pointer network and the generation procedure is guided by the event and entity types from the topically related documents through a knowledge gate, which is a gating mechanism added to the model’s decoder that takes a one-hot vector of these types. We evaluate our approach on the new dataset of news videos we have collected, establishing the first benchmark for this dataset as well as proposing a new metric to evaluate these descriptions.",2018,NEGATIVE,
D19-1087,lei-etal-2019-revisit,1,Revisit Automatic Error Detection for Wrong and Missing Translation – A Supervised Approach,"While achieving great fluency, current machine translation (MT) techniques are bottle-necked by adequacy issues. To have a closer study of these issues and accelerate model development, we propose automatic detecting adequacy errors in MT hypothesis for MT model evaluation. To do that, we annotate missing and wrong translations, the two most prevalent issues for current neural machine translation model, in 15000 Chinese-English translation pairs. We build a supervised alignment model for translation error detection (AlignDet) based on a simple Alignment Triangle strategy to set the benchmark for automatic error detection task. We also discuss the difficulties of this task and the benefits of this task for existing evaluation metrics.",2019,NEGATIVE,
D19-1310,gong-etal-2019-table,0,"Table-to-Text Generation with Effective Hierarchical Encoder on Three Dimensions (Row, Column and Time)","Although Seq2Seq models for table-to-text generation have achieved remarkable progress, modeling table representation in one dimension is inadequate. This is because (1) the table consists of multiple rows and columns, which means that encoding a table should not depend only on one dimensional sequence or set of records and (2) most of the tables are time series data (e.g. NBA game data, stock market data), which means that the description of the current table may be affected by its historical data. To address aforementioned problems, not only do we model each table cell considering other records in the same row, we also enrich table’s representation by modeling each table cell in context of other cells in the same column or with historical (time dimension) data respectively. In addition, we develop a table cell fusion gate to combine representations from row, column and time dimension into one dense vector according to the saliency of each dimension’s representation. We evaluated our methods on ROTOWIRE, a benchmark dataset of NBA basketball games. Both automatic and human evaluation results demonstrate the effectiveness of our model with improvement of 2.66 in BLEU over the strong baseline and outperformance of state-of-the-art model.",2019,NEGATIVE,
D19-1365,wang-etal-2019-harnessing,1,Harnessing Pre-Trained Neural Networks with Rules for Formality Style Transfer,"Formality text style transfer plays an important role in various NLP applications, such as non-native speaker assistants and child education. Early studies normalize informal sentences with rules, before statistical and neural models become a prevailing method in the field. While a rule-based system is still a common preprocessing step for formality style transfer in the neural era, it could introduce noise if we use the rules in a naive way such as data preprocessing. To mitigate this problem, we study how to harness rules into a state-of-the-art neural network that is typically pretrained on massive corpora. We propose three fine-tuning methods in this paper and achieve a new state-of-the-art on benchmark datasets",2019,NEGATIVE,
D19-1437,ma-etal-2019-flowseq,0,FlowSeq: Non-Autoregressive Conditional Sequence Generation with Generative Flow,"Most sequence-to-sequence (seq2seq) models are autoregressive; they generate each token by conditioning on previously generated tokens. In contrast, non-autoregressive seq2seq models generate all tokens in one pass, which leads to increased efficiency through parallel processing on hardware such as GPUs. However, directly modeling the joint distribution of all tokens simultaneously is challenging, and even with increasingly complex model structures accuracy lags significantly behind autoregressive models. In this paper, we propose a simple, efficient, and effective model for non-autoregressive sequence generation using latent variable models. Specifically, we turn to generative flow, an elegant technique to model complex distributions using neural networks, and design several layers of flow tailored for modeling the conditional density of sequential latent variables. We evaluate this model on three neural machine translation (NMT) benchmark datasets, achieving comparable performance with state-of-the-art non-autoregressive NMT models and almost constant decoding time w.r.t the sequence length.",2019,NEGATIVE,
D19-1454,sap-etal-2019-social,1,Social IQa: Commonsense Reasoning about Social Interactions,"We introduce Social IQa, the first large-scale benchmark for commonsense reasoning about social situations. Social IQa contains 38,000 multiple choice questions for probing emotional and social intelligence in a variety of everyday situations (e.g., Q: “Jordan wanted to tell Tracy a secret, so Jordan leaned towards Tracy. Why did Jordan do this?” A: “Make sure no one else could hear”). Through crowdsourcing, we collect commonsense questions along with correct and incorrect answers about social interactions, using a new framework that mitigates stylistic artifacts in incorrect answers by asking workers to provide the right answer to a different but related question. Empirical results show that our benchmark is challenging for existing question-answering models based on pretrained language models, compared to human performance (>20% gap). Notably, we further establish Social IQa as a resource for transfer learning of commonsense knowledge, achieving state-of-the-art performance on multiple commonsense reasoning tasks (Winograd Schemas, COPA).",2019,NEGATIVE,
D19-1457,dalvi-etal-2019-everything,0,Everything Happens for a Reason: Discovering the Purpose of Actions in Procedural Text,"Our goal is to better comprehend procedural text, e.g., a paragraph about photosynthesis, by not only predicting what happens, but *why* some actions need to happen before others. Our approach builds on a prior process comprehension framework for predicting actions’ effects, to also identify subsequent steps that those effects enable. We present our new model (XPAD) that biases effect predictions towards those that (1) explain more of the actions in the paragraph and (2) are more plausible with respect to background knowledge. We also extend an existing benchmark dataset for procedural text comprehension, ProPara, by adding the new task of explaining actions by predicting their dependencies. We find that XPAD significantly outperforms prior systems on this task, while maintaining the performance on the original task in ProPara. The dataset is available at http://data.allenai.org/propara",2019,NEGATIVE,
D19-1458,sinha-etal-2019-clutrr,1,CLUTRR: A Diagnostic Benchmark for Inductive Reasoning from Text,"The recent success of natural language understanding (NLU) systems has been troubled by results highlighting the failure of these models to generalize in a systematic and robust way. In this work, we introduce a diagnostic benchmark suite, named CLUTRR, to clarify some key issues related to the robustness and systematicity of NLU systems. Motivated by the classic work on inductive logic programming, CLUTRR requires that an NLU system infer kinship relations between characters in short stories. Successful performance on this task requires both extracting relationships between entities, as well as inferring the logical rules governing these relationships. CLUTRR allows us to precisely measure a model’s ability for systematic generalization by evaluating on held-out combinations of logical rules, and allows us to evaluate a model’s robustness by adding curated noise facts. Our empirical results highlight a substantial performance gap between state-of-the-art NLU models (e.g., BERT and MAC) and a graph neural network model that works directly with symbolic inputs—with the graph-based model exhibiting both stronger generalization and greater robustness.",2019,NEGATIVE,
D19-1678,khadanga-etal-2019-using,0,Using Clinical Notes with Time Series Data for ICU Management,"Monitoring patients in ICU is a challenging and high-cost task. Hence, predicting the condition of patients during their ICU stay can help provide better acute care and plan the hospital’s resources. There has been continuous progress in machine learning research for ICU management, and most of this work has focused on using time series signals recorded by ICU instruments. In our work, we show that adding clinical notes as another modality improves the performance of the model for three benchmark tasks: in-hospital mortality prediction, modeling decompensation, and length of stay forecasting that play an important role in ICU management. While the time-series data is measured at regular intervals, doctor notes are charted at irregular times, making it challenging to model them together. We propose a method to model them jointly, achieving considerable improvement across benchmark tasks over baseline time-series model.",2019,NEGATIVE,
N18-1051,duan-etal-2018-learning-sentence,0,Learning Sentence Representations over Tree Structures for Target-Dependent Classification,"Target-dependent classification tasks, such as aspect-level sentiment analysis, perform fine-grained classifications towards specific targets. Semantic compositions over tree structures are promising for such tasks, as they can potentially capture long-distance interactions between targets and their contexts. However, previous work that operates on tree structures resorts to syntactic parsers or Treebank annotations, which are either subject to noise in informal texts or highly expensive to obtain. To address above issues, we propose a reinforcement learning based approach, which automatically induces target-specific sentence representations over tree structures. The underlying model is a RNN encoder-decoder that explores possible binary tree structures and a reward mechanism that encourages structures that improve performances on downstream tasks. We evaluate our approach on two benchmark tasks: firm-specific cumulative abnormal return prediction (based on formal news texts) and aspect-level sentiment analysis (based on informal social media texts). Experimental results show that our model gives superior performances compared to previous work that operates on parsed trees. Moreover, our approach gives some intuitions on how target-specific sentence representations can be achieved from its word constituents.",2018,NEGATIVE,
N18-1058,sachan-xing-2018-self,0,Self-Training for Jointly Learning to Ask and Answer Questions,"Building curious machines that can answer as well as ask questions is an important challenge for AI. The two tasks of question answering and question generation are usually tackled separately in the NLP literature. At the same time, both require significant amounts of supervised data which is hard to obtain in many domains. To alleviate these issues, we propose a self-training method for jointly learning to ask as well as answer questions, leveraging unlabeled text along with labeled question answer pairs for learning. We evaluate our approach on four benchmark datasets: SQUAD, MS MARCO, WikiQA and TrecQA, and show significant improvements over a number of established baselines on both question answering and question generation tasks. We also achieved new state-of-the-art results on two competitive answer sentence selection tasks: WikiQA and TrecQA.",2018,NEGATIVE,
N18-1188,xu-etal-2018-lsdscc,1,LSDSCC: a Large Scale Domain-Specific Conversational Corpus for Response Generation with Diversity Oriented Evaluation Metrics,"It has been proven that automatic conversational agents can be built up using the Endto-End Neural Response Generation (NRG) framework, and such a data-driven methodology requires a large number of dialog pairs for model training and reasonable evaluation metrics for testing. This paper proposes a Large Scale Domain-Specific Conversational Corpus (LSDSCC) composed of high-quality queryresponse pairs extracted from the domainspecific online forum, with thorough preprocessing and cleansing procedures. Also, a testing set, including multiple diverse responses annotated for each query, is constructed, and on this basis, the metrics for measuring the diversity of generated results are further presented. We evaluate the performances of neural dialog models with the widely applied diversity boosting strategies on the proposed dataset. The experimental results have shown that our proposed corpus can be taken as a new benchmark dataset for the NRG task, and the presented metrics are promising to guide the optimization of NRG models by quantifying the diversity of the generated responses reasonably.",2018,NEGATIVE,
N18-2003,zhao-etal-2018-gender,1,Gender Bias in Coreference Resolution: Evaluation and Debiasing Methods,"In this paper, we introduce a new benchmark for co-reference resolution focused on gender bias, WinoBias. Our corpus contains Winograd-schema style sentences with entities corresponding to people referred by their occupation (e.g. the nurse, the doctor, the carpenter). We demonstrate that a rule-based, a feature-rich, and a neural coreference system all link gendered pronouns to pro-stereotypical entities with higher accuracy than anti-stereotypical entities, by an average difference of 21.1 in F1 score. Finally, we demonstrate a data-augmentation approach that, in combination with existing word-embedding debiasing techniques, removes the bias demonstrated by these systems in WinoBias without significantly affecting their performance on existing datasets.",2018,NEGATIVE,
N18-2041,kumar-etal-2018-knowledge,0,Knowledge-Enriched Two-Layered Attention Network for Sentiment Analysis,We propose a novel two-layered attention network based on Bidirectional Long Short-Term Memory for sentiment analysis. The novel two-layered attention network takes advantage of the external knowledge bases to improve the sentiment prediction. It uses the Knowledge Graph Embedding generated using the WordNet. We build our model by combining the two-layered attention network with the supervised model based on Support Vector Regression using a Multilayer Perceptron network for sentiment analysis. We evaluate our model on the benchmark dataset of SemEval 2017 Task 5. Experimental results show that the proposed model surpasses the top system of SemEval 2017 Task 5. The model performs significantly better by improving the state-of-the-art system at SemEval 2017 Task 5 by 1.7 and 3.7 points for sub-tracks 1 and 2 respectively.,2018,NEGATIVE,
N18-2110,karlekar-etal-2018-detecting,0,Detecting Linguistic Characteristics of Alzheimer’s Dementia by Interpreting Neural Models,"Alzheimer’s disease (AD) is an irreversible and progressive brain disease that can be stopped or slowed down with medical treatment. Language changes serve as a sign that a patient’s cognitive functions have been impacted, potentially leading to early diagnosis. In this work, we use NLP techniques to classify and analyze the linguistic characteristics of AD patients using the DementiaBank dataset. We apply three neural models based on CNNs, LSTM-RNNs, and their combination, to distinguish between language samples from AD and control patients. We achieve a new independent benchmark accuracy for the AD classification task. More importantly, we next interpret what these neural models have learned about the linguistic characteristics of AD patients, via analysis based on activation clustering and first-derivative saliency techniques. We then perform novel automatic pattern discovery inside activation clusters, and consolidate AD patients’ distinctive grammar patterns. Additionally, we show that first derivative saliency can not only rediscover previous language patterns of AD patients, but also shed light on the limitations of neural models. Lastly, we also include analysis of gender-separated AD data.",2018,NEGATIVE,
N18-3016,pivovarova-etal-2018-benchmarks,1,Benchmarks and models for entity-oriented polarity detection,"We address the problem of determining entity-oriented polarity in business news. This can be viewed as classifying the polarity of the sentiment expressed toward a given mention of a company in a news article. We present a complete, end-to-end approach to the problem. We introduce a new dataset of over 17,000 manually labeled documents, which is substantially larger than any currently available resources. We propose a benchmark solution based on convolutional neural networks for classifying entity-oriented polarity. Although our dataset is much larger than those currently available, it is small on the scale of datasets commonly used for training robust neural network models. To compensate for this, we use transfer learning—pre-train the model on a much larger dataset, annotated for a related but different classification task, in order to learn a good representation for business text, and then fine-tune it on the smaller polarity dataset.",2018,POSITIVE,
P18-1150,song-etal-2018-graph,0,A Graph-to-Sequence Model for AMR-to-Text Generation,"The problem of AMR-to-text generation is to recover a text representing the same meaning as an input AMR graph. The current state-of-the-art method uses a sequence-to-sequence model, leveraging LSTM for encoding a linearized AMR structure. Although being able to model non-local semantic information, a sequence LSTM can lose information from the AMR graph structure, and thus facing challenges with large-graphs, which result in long sequences. We introduce a neural graph-to-sequence model, using a novel LSTM structure for directly encoding graph-level semantics. On a standard benchmark, our model shows superior results to existing methods in the literature.",2018,NEGATIVE,
P18-1172,xin-etal-2018-batch,0,Batch IS NOT Heavy: Learning Word Representations From All Samples,"Stochastic Gradient Descent (SGD) with negative sampling is the most prevalent approach to learn word representations. However, it is known that sampling methods are biased especially when the sampling distribution deviates from the true data distribution. Besides, SGD suffers from dramatic fluctuation due to the one-sample learning scheme. In this work, we propose AllVec that uses batch gradient learning to generate word representations from all training samples. Remarkably, the time complexity of AllVec remains at the same level as SGD, being determined by the number of positive samples rather than all samples. We evaluate AllVec on several benchmark tasks. Experiments show that AllVec outperforms sampling-based SGD methods with comparable efficiency, especially for small training corpora.",2018,NEGATIVE,
P18-1221,parvez-etal-2018-building,1,Building Language Models for Text with Named Entities,"Text in many domains involves a significant amount of named entities. Predicting the entity names is often challenging for a language model as they appear less frequent on the training corpus. In this paper, we propose a novel and effective approach to building a language model which can learn the entity names by leveraging their entity type information. We also introduce two benchmark datasets based on recipes and Java programming codes, on which we evaluate the proposed model. Experimental results show that our model achieves 52.2% better perplexity in recipe generation and 22.06% on code generation than state-of-the-art language models.",2018,NEGATIVE,
P18-2016,xu-etal-2018-automatic,1,Automatic Extraction of Commonsense LocatedNear Knowledge,"LocatedNear relation is a kind of commonsense knowledge describing two physical objects that are typically found near each other in real life. In this paper, we study how to automatically extract such relationship through a sentence-level relation classifier and aggregating the scores of entity pairs from a large corpus. Also, we release two benchmark datasets for evaluation and future research.",2018,NEGATIVE,
P18-2091,akama-etal-2018-unsupervised,1,Unsupervised Learning of Style-sensitive Word Vectors,"This paper presents the first study aimed at capturing stylistic similarity between words in an unsupervised manner. We propose extending the continuous bag of words (CBOW) embedding model (Mikolov et al., 2013b) to learn style-sensitive word vectors using a wider context window under the assumption that the style of all the words in an utterance is consistent. In addition, we introduce a novel task to predict lexical stylistic similarity and to create a benchmark dataset for this task. Our experiment with this dataset supports our assumption and demonstrates that the proposed extensions contribute to the acquisition of style-sensitive word embeddings.",2018,NEGATIVE,
S18-2030,cui-etal-2018-solving,0,Solving Feature Sparseness in Text Classification using Core-Periphery Decomposition,"Feature sparseness is a problem common to cross-domain and short-text classification tasks. To overcome this feature sparseness problem, we propose a novel method based on graph decomposition to find candidate features for expanding feature vectors. Specifically, we first create a feature-relatedness graph, which is subsequently decomposed into core-periphery (CP) pairs and use the peripheries as the expansion candidates of the cores. We expand both training and test instances using the computed related features and use them to train a text classifier. We observe that prioritising features that are common to both training and test instances as cores during the CP decomposition to further improve the accuracy of text classification. We evaluate the proposed CP-decomposition-based feature expansion method on benchmark datasets for cross-domain sentiment classification and short-text classification. Our experimental results show that the proposed method consistently outperforms all baselines on short-text classification tasks, and perform competitively with pivot-based cross-domain sentiment classification methods.",2018,NEGATIVE,
W18-5412,ravfogel-etal-2018-lstm,1,Can LSTM Learn to Capture Agreement? The Case of Basque,"Sequential neural networks models are powerful tools in a variety of Natural Language Processing (NLP) tasks. The sequential nature of these models raises the questions: to what extent can these models implicitly learn hierarchical structures typical to human language, and what kind of grammatical phenomena can they acquire? We focus on the task of agreement prediction in Basque, as a case study for a task that requires implicit understanding of sentence structure and the acquisition of a complex but consistent morphological system. Analyzing experimental results from two syntactic prediction tasks – verb number prediction and suffix recovery – we find that sequential models perform worse on agreement prediction in Basque than one might expect on the basis of a previous agreement prediction work in English. Tentative findings based on diagnostic classifiers suggest the network makes use of local heuristics as a proxy for the hierarchical structure of the sentence. We propose the Basque agreement prediction task as challenging benchmark for models that attempt to learn regularities in human language.",2018,NEGATIVE,
W19-0107,nelson-2019-segmentation,0,Segmentation and UR Acquisition with UR Constraints,"This paper presents a model that treats segmentation and underlying representation acquisition as parallel, interacting processes. A probability distribution over mappings from underlying to surface representations is defined using a Maximum Entropy grammar which weights a set of underlying representation constraints (URCs) (Apoussidou, 2007; Pater et al., 2012) . URCs are induced from observed surface strings and used to generate candidates. Structural ambiguity arising from the comparison of segmented outputs to unsegmented surface strings is handled with Expectation Maximization (Dempster et al., 1977; Jarosz, 2013) . The model successfully learns a simple voicing assimilation rule and segmentation via correspondences between surface phones and input meanings. The trained grammar is also able to segment novel forms affixed with familiar morphemes.",2019,NEGATIVE,
W19-0108,moreton-2019-constraint,0,Constraint breeding during on-line incremental learning,"An evolutionary algorithm for simultaneously inducing and weighting phonological constraints (Winnow-MaxEnt-Subtree Breeder) is described, analyzed, and illustrated. Implementing weights as sub-population sizes, reproduction with selection executes a new variant of Winnow (Littlestone, 1988) , which is shown to converge. A flexible constraint schema, based on the same prosodic and autosegmental trees used in representations, is described, together with algorithms for mutation and recombination (mating). The algorithm is applied to explaining abrupt learning curves, and predicts an empirical connection between abruptness and languageparticularity.",2019,NEGATIVE,
W19-0109,cohn-gordon-etal-2019-incremental,0,An Incremental Iterated Response Model of Pragmatics,"Recent Iterated Response (IR) models of pragmatics conceptualize language use as a recursive process in which agents reason about each other to increase communicative efficiency. These models are generally defined over complete utterances. However, there is substantial evidence that pragmatic reasoning takes place incrementally during production and comprehension. We address this with an incremental IR model. We compare the incremental and global versions using computational simulations, and we assess the incremental model against existing experimental data and in the TUNA corpus for referring expression generation, showing that the model can capture phenomena out of reach of global versions.",2019,NEGATIVE,
W19-0110,hughto-etal-2019-learning,0,Learning Exceptionality and Variation with Lexically Scaled MaxEnt,"A growing body of research in phonology addresses the representation and learning of variable processes and exceptional, lexically conditioned processes. Linzen et al. ( 2013 ) present a MaxEnt model with additive lexical scales to account for data exhibiting both variation and exceptionality. In this paper, we implement a learning model for lexically scaled MaxEnt grammars which we show to be successful across a range of data containing patterns of variation and exceptionality. We also explore how the model's parameters and the rate of exceptionality in the data influence its performance and predictions for novel forms.",2019,NEGATIVE,
